,train_score,sparsity_sc,sparsity_sp,sparsity_diff
ppia,0.99815655,9.217864220856242e-05,0.0,-9.217864220856242e-05
ubb,0.99735695,9.217864220856242e-05,0.0,-9.217864220856242e-05
atp1b1,0.9970332,0.01433377886343734,0.0,-0.01433377886343734
tmsb4x,0.99693877,0.002811448587362264,0.0,-0.002811448587362264
ckb,0.99633014,0.002765359266257983,0.0,-0.002765359266257983
fth1,0.99578756,0.00013826796331295466,0.0,-0.00013826796331295466
stmn1,0.9956955,0.024519518827487707,0.0,-0.024519518827487707
atp5b,0.99530023,0.0011522330276074744,0.0,-0.0011522330276074744
rps29,0.99482197,0.0020279301285891504,0.0,-0.0020279301285891504
rps14,0.9947168,0.005622897174724639,0.0,-0.005622897174724639
slc25a4,0.99455184,0.003180163156196736,0.0,-0.003180163156196736
mdh1,0.9945357,0.003456699082822534,0.0,-0.003456699082822534
cst3,0.9944582,0.000645250495460159,0.0,-0.000645250495460159
eef1a1,0.99425447,0.0035027884039268153,0.0,-0.0035027884039268153
olfm1,0.9941962,0.02922062958012628,0.0,-0.02922062958012628
tuba1a,0.99401456,0.0052541826058901675,0.0,-0.0052541826058901675
rpl37,0.9932936,0.008342167119878341,0.0,-0.008342167119878341
actb,0.99280435,0.0005530718532515966,0.0,-0.0005530718532515966
rpl41,0.9927837,0.0031340738350924546,0.0,-0.0031340738350924546
rtn4,0.99248326,0.0316172742775499,0.0,-0.0316172742775499
gpx4,0.9923679,0.005991611743559,0.0,-0.005991611743559
rps23,0.9922077,0.011337972991657841,0.0,-0.011337972991657841
uchl1,0.99212945,0.0433239618380421,0.0,-0.0433239618380421
nrgn,0.9920758,0.19657095450984008,0.0,-0.19657095450984008
camk2n1,0.9919538,0.03691754620454446,0.0,-0.03691754620454446
tspan7,0.99174994,0.007143844771166474,0.0,-0.007143844771166474
dynll1,0.9914792,0.002811448587362264,0.0,-0.002811448587362264
ppp3ca,0.99107695,0.017467852698529795,0.0,-0.017467852698529795
atp5j,0.9906764,0.0014287689542332727,0.0,-0.0014287689542332727
mt3,0.99066645,0.024196893579757517,0.0,-0.024196893579757517
chn1,0.9903652,0.030695487855463943,0.0,-0.030695487855463943
sparcl1,0.9898105,0.06586163985804494,0.0,-0.06586163985804494
snhg11,0.9897002,0.014932940037793219,0.0,-0.014932940037793219
eif1,0.9895077,0.0002765359266257983,0.0,-0.0002765359266257983
zwint,0.98944366,0.014794672074480375,0.0,-0.014794672074480375
itm2b,0.9890043,0.0003226252477300795,0.0,-0.0003226252477300795
rpl37a,0.98897916,0.00530027192699456,0.0,-0.00530027192699456
rpl30,0.9884791,0.016684334239756682,0.0,-0.016684334239756682
myl6,0.98797953,0.006867308844540676,0.0030864197530864335,-0.0037808890914542426
ldhb,0.9879087,0.010139650642945974,0.0,-0.010139650642945974
rps19,0.98785114,0.010923169101719088,0.0,-0.010923169101719088
atp5g3,0.9875417,0.0017974835230677444,0.0,-0.0017974835230677444
cck,0.9873928,0.22284186753929114,0.0,-0.22284186753929114
slc1a2,0.98702043,0.1956952574088584,0.0,-0.1956952574088584
rps27,0.9868596,0.007282112734479429,0.0,-0.007282112734479429
apoe,0.98619163,0.6682029773701433,0.0,-0.6682029773701433
sept7,0.98516077,0.0029497165506752188,0.0,-0.0029497165506752188
rpl18a,0.98489565,0.005853343780246156,0.0,-0.005853343780246156
slc17a7,0.98438436,0.43540581647232335,0.0030864197530864335,-0.4323193967192369
ndufa13,0.9842437,0.005208093284785886,0.0,-0.005208093284785886
1110008p14rik,0.98413694,0.0539705950131355,0.0,-0.0539705950131355
prkcb,0.984098,0.04281697930589479,0.0030864197530864335,-0.03973055955280835
ndrg3,0.983641,0.027192699451537128,0.0,-0.027192699451537128
bsg,0.98357296,0.002534912660736466,0.0,-0.002534912660736466
mef2c,0.9832797,0.04152647831497447,0.0030864197530864335,-0.038440058561888035
rpl36,0.9830663,0.006821219523436395,0.0,-0.006821219523436395
atp1a1,0.9819691,0.02696225284601561,0.0,-0.02696225284601561
tuba4a,0.9818903,0.03530441996589395,0.0,-0.03530441996589395
ndufa6,0.9815255,0.007927363229939588,0.006172839506172867,-0.001754523723766721
atp2b2,0.98134506,0.03548877725031108,0.0030864197530864335,-0.03240235749722464
rps9,0.9812679,0.010462275890676165,0.0,-0.010462275890676165
arpp19,0.9809994,0.01995667603816198,0.0030864197530864335,-0.016870256285075547
rps6,0.9806635,0.015716458496566332,0.0030864197530864335,-0.012630038743479899
fkbp1a,0.98018295,0.010554454532884727,0.0,-0.010554454532884727
chchd10,0.9801728,0.022860303267732918,0.0030864197530864335,-0.019773883514646484
cox5a,0.9799948,0.005162003963681605,0.0092592592592593,0.004097255295577695
gas5,0.9797387,0.012398027377056753,0.0,-0.012398027377056753
ldha,0.9794993,0.02295248190994148,0.0030864197530864335,-0.019866062156855047
scd2,0.9789576,0.05811863391252248,0.0092592592592593,-0.04885937465326318
mt1,0.9786971,0.17979444162787483,0.0,-0.17979444162787483
sptbn1,0.97843224,0.012398027377056753,0.0030864197530864335,-0.00931160762397032
ptma,0.9776809,0.004009770936074131,0.0,-0.004009770936074131
hpca,0.9772588,0.08001106143706505,0.0030864197530864335,-0.07692464168397861
clu,0.97644895,0.023413375120984514,0.0,-0.023413375120984514
nsg2,0.9762367,0.05728902613264508,0.006172839506172867,-0.051116186626472215
tubb2a,0.97612154,0.014195510900124386,0.0030864197530864335,-0.011109091147037953
malat1,0.9756575,0.0,0.0,0.0
gnao1,0.9755171,0.022491588698898446,0.006172839506172867,-0.01631874919272558
gpm6b,0.97506577,0.04134212103055723,0.006172839506172867,-0.035169281524384366
naca,0.9750583,0.009171774899755736,0.0092592592592593,8.748435950356459e-05
atp5c1,0.9748273,0.0050237360003687614,0.012345679012345734,0.007321943011976972
atp2b1,0.974505,0.030142416002212236,0.0092592592592593,-0.020883156742952935
dbi,0.97426736,0.029082361616813435,0.0030864197530864335,-0.025995941863727
camk2a,0.9736954,0.12315066599068991,0.0,-0.12315066599068991
slc25a3,0.9735286,0.003180163156196736,0.0092592592592593,0.0060790961030625645
plp1,0.97336036,0.8106650689035351,0.0,-0.8106650689035351
tsc22d1,0.9725034,0.02396644697423611,0.0,-0.02396644697423611
tagln3,0.971783,0.024012536295340392,0.015432098765432056,-0.008580437529908336
ndufa12,0.9715209,0.009448310826381534,0.0,-0.009448310826381534
maged1,0.97110677,0.026132645066138216,0.0030864197530864335,-0.023046225313051782
rpl7,0.97102064,0.011891044844909437,0.0092592592592593,-0.002631785585650137
pak1,0.9701679,0.04793289394847211,0.012345679012345734,-0.03558721493612638
enc1,0.9694843,0.2529381942203991,0.0092592592592593,-0.2436789349611398
pcsk2,0.96875894,0.11420933769645569,0.0092592592592593,-0.10495007843719639
snca,0.9687036,0.06821219523436417,0.006172839506172867,-0.0620393557281913
rasgrp1,0.9686925,0.32363921279439556,0.012345679012345734,-0.3112935337820498
osbpl1a,0.9686908,0.07240632345485554,0.01851851851851849,-0.05388780493633705
prdx2,0.9680637,0.012490206019265315,0.0092592592592593,-0.003230946760006015
mgst3,0.9672164,0.04682675024196892,0.024691358024691357,-0.02213539221727756
slc25a5,0.96690977,0.004194128220491367,0.01851851851851849,0.014324390298027123
celf4,0.96665967,0.04567451721436144,0.015432098765432056,-0.030242418448929387
pcp4,0.96651137,0.23911139788910907,0.012345679012345734,-0.22676571887676333
aldoc,0.9664237,0.48992948333871045,0.006172839506172867,-0.4837566438325376
ctxn1,0.96638054,0.18131538922431678,0.012345679012345734,-0.16896971021197105
cd81,0.96605426,0.0018435728441720256,0.024691358024691357,0.02284778518051933
rpl35,0.9655528,0.01032400792736321,0.012345679012345734,0.0020216710849825237
pgm2l1,0.965043,0.064340692261603,0.02777777777777779,-0.036562914483825204
tmsb10,0.9650428,0.04825551919620219,0.012345679012345734,-0.035909840183856456
ftl1,0.96501124,0.002534912660736466,0.006172839506172867,0.003637926845436401
sh3gl2,0.96497726,0.0773839701341199,0.015432098765432056,-0.06195187136868785
6330403k07rik,0.96455765,0.07512559340000924,0.012345679012345734,-0.0627799143876635
atp1a2,0.96440727,0.7567405632115038,0.0,-0.7567405632115038
cplx1,0.9643355,0.055353274646264494,0.01851851851851849,-0.036834756127746004
nrxn1,0.9642751,0.02161589159791677,0.012345679012345734,-0.009270212585571036
chgb,0.963792,0.05019127068258289,0.015432098765432056,-0.03475917191715083
nap1l5,0.96329796,0.026132645066138216,0.02777777777777779,0.0016451327116395742
lhx5,0.9632848,0.9967276582015947,0.9969135802469136,0.0001859220453188648
sv2b,0.96261007,0.4477577545282758,0.015432098765432056,-0.43232565576284376
tcf4,0.96236736,0.010784901138406244,0.012345679012345734,0.0015607778739394895
glul,0.96211404,0.09305433930958196,0.012345679012345734,-0.08070866029723622
arpp21,0.9620996,0.25303037286260777,0.012345679012345734,-0.24068469385026203
hnrnpa2b1,0.9620489,0.0005069825321473154,0.024691358024691357,0.02418437549254404
ttc9b,0.9619412,0.0722219661704383,0.021604938271604923,-0.05061702789883338
tspyl4,0.96135426,0.04046642392957556,0.024691358024691357,-0.0157750659048842
ctsd,0.96132684,0.021892427524542568,0.006172839506172867,-0.0157195880183697
ebf3,0.9613219,0.9964511222749689,0.9938271604938271,-0.0026239617811417704
ptgds,0.961319,0.7829653869198507,0.006172839506172867,-0.7767925474136779
cycs,0.9610163,0.0069594874867493495,0.021604938271604923,0.014645450784855574
nefl,0.96063656,0.3564548094206572,0.03395061728395066,-0.32250419213670656
mpc2,0.96056706,0.013596349725768508,0.012345679012345734,-0.0012506707134227746
ttyh1,0.9593231,0.07609346914319948,0.015432098765432056,-0.06066137037776742
hpcal4,0.95931715,0.09033506936442826,0.012345679012345734,-0.07798939035208252
ngef,0.95914334,0.19601788265658848,0.015432098765432056,-0.18058578389115643
lingo1,0.95863837,0.38530672443194913,0.015432098765432056,-0.3698746256665171
ly6h,0.95825,0.056090703783933216,0.015432098765432056,-0.04065860501850116
cyc1,0.9580787,0.013734617689081463,0.015432098765432056,0.0016974810763505932
h3f3a,0.9578994,0.002581001981840858,0.021604938271604923,0.019023936289764065
ncald,0.9575505,0.04867032308614094,0.024691358024691357,-0.023978965061449586
rap1gds1,0.9559176,0.04724155413190767,0.015432098765432056,-0.031809455366475614
lmo4,0.95573336,0.10107388118173022,0.030864197530864224,-0.070209683650866
psd3,0.955493,0.1605291054062774,0.01851851851851849,-0.14201058688775892
ptn,0.95536274,0.2668571691938978,0.024691358024691357,-0.24216581116920644
ptk2b,0.95503265,0.37493662718348164,0.021604938271604923,-0.3533316889118767
klf9,0.95498097,0.12504032815596622,0.021604938271604923,-0.1034353898843613
uba52,0.9547398,0.008388256440982622,0.015432098765432056,0.007043842324449434
kalrn,0.95446825,0.1139328017698299,0.021604938271604923,-0.09232786349822497
tubb3,0.9539221,0.057749919343688116,0.021604938271604923,-0.03614498107208319
eno1,0.9535323,0.006083790385767562,0.01851851851851849,0.012434728132750927
lhx1os,0.95314926,0.9971424620915333,0.9969135802469136,-0.00022888184461977712
adcy1,0.95309865,0.11231967553117939,0.024691358024691357,-0.08762831750648803
ccl27a,0.9527702,0.04585887449877868,0.024691358024691357,-0.021167516474087322
gng13,0.9516824,0.08171636631792412,0.03395061728395066,-0.04776574903397346
serinc3,0.9516569,0.008895238973129937,0.01851851851851849,0.009623279545388552
cend1,0.95138156,0.04055860257178412,0.024691358024691357,-0.015867244547092763
atp6ap2,0.95056134,0.01562427985435777,0.043209876543209846,0.027585596688852076
cplx2,0.9503237,0.17242015025118684,0.01851851851851849,-0.15390163173266835
stx1a,0.9502548,0.14822325667142922,0.024691358024691357,-0.12353189864673786
serpini1,0.9500061,0.05461584550859566,0.030864197530864224,-0.023751647977731438
zcchc18,0.94979787,0.0313407383509241,0.030864197530864224,-0.00047654082005987863
fam131a,0.949438,0.10996912015486016,0.02777777777777779,-0.08219134237708237
baiap2,0.94778335,0.2681476701848182,0.030864197530864224,-0.237283472653954
id2,0.94774103,0.21099691201548598,0.04012345679012341,-0.17087345522536257
gstm5,0.946497,0.023782089689818875,0.01851851851851849,-0.005263571171300385
got1,0.9458395,0.036456652993501426,0.030864197530864224,-0.0055924554626372025
marcks,0.9457095,0.06194404756417937,0.03395061728395066,-0.027993430280228715
rgs7bp,0.9452506,0.044384016223441014,0.04938271604938271,0.004998699825941699
dstn,0.94494843,0.017974835230677,0.030864197530864224,0.012889362300187224
ly6e,0.9449448,0.0438770336912937,0.030864197530864224,-0.013012836160429475
rgs4,0.9441966,0.2071714983638291,0.03703703703703709,-0.170134461326792
h3f3b,0.94372785,0.003917592293865457,0.04012345679012341,0.036205864496257956
mag,0.9436666,0.9657095450984007,0.23765432098765427,-0.7280552241107464
r3hdm1,0.94343907,0.035073973360372435,0.043209876543209846,0.008135903182837412
cnp,0.9427111,0.6447435129280545,0.043209876543209846,-0.6015336363848447
slc1a3,0.9426031,0.8952389731299258,0.04012345679012341,-0.8551155163398024
chst1,0.9418973,0.1597455869475043,0.02777777777777779,-0.1319678091697265
mal,0.94120485,0.9689357975757017,0.095679012345679,-0.8732567852300227
tmem132a,0.94088876,0.1801631561967092,0.03395061728395066,-0.14621253891275854
pgrmc1,0.9396779,0.02631700235055534,0.04938271604938271,0.023065713698827373
ndrg2,0.9387901,0.4515831681799327,0.021604938271604923,-0.4299782299083278
ndn,0.938753,0.24058625616444673,0.06172839506172845,-0.17885786110271829
fxyd7,0.9382165,0.23556252016407797,0.04629629629629628,-0.1892662238677817
diras2,0.938157,0.2510946213762272,0.06172839506172845,-0.18936622631449873
elmod1,0.9380039,0.057703830022583724,0.05246913580246915,-0.005234694220114577
scoc,0.9379174,0.02230723141448121,0.06172839506172845,0.03942116364724724
gad1,0.9365424,0.4456837350785823,0.058641975308642014,-0.38704175976994026
scg3,0.93627053,0.0433239618380421,0.03703703703703709,-0.006286924801005012
phactr1,0.9356711,0.07927363229939621,0.05555555555555558,-0.023718076743840633
b2m,0.9351935,0.08710881688712724,0.03703703703703709,-0.05007177985009015
caly,0.93400955,0.04820942987509791,0.05246913580246915,0.004259705927371238
zbtb18,0.932496,0.26100382541365164,0.06172839506172845,-0.1992754303519232
gm10076,0.93187666,0.00931004286306858,0.04012345679012341,0.030813413927054834
cnih2,0.9316766,0.06461722818822879,0.04012345679012341,-0.02449377139810538
gm27199,0.9316717,0.9897220813937411,0.9969135802469136,0.0071914988531724955
fbxw7,0.9315671,0.06493985343595887,0.0679012345679012,0.002961381131942331
sh3bgrl3,0.9312447,0.02691616352491133,0.05246913580246915,0.025552972277557817
tusc3,0.9310965,0.0378854219477347,0.058641975308642014,0.020756553360907315
gria3,0.93105465,0.16398580448909983,0.06172839506172845,-0.10225740942737138
mobp,0.93035316,0.7647601050836521,0.043209876543209846,-0.7215502285404423
nrn1,0.9299389,0.4535189196663133,0.06172839506172845,-0.39179052460458486
slc6a1,0.92876625,0.46559432179564,0.0679012345679012,-0.3976930872277388
gda,0.9282718,0.3004101949578283,0.0679012345679012,-0.23250896038992708
morf4l2,0.9279854,0.02433516154307047,0.058641975308642014,0.03430681376557154
abcc9,0.92761517,0.9922109047333733,0.8981481481481481,-0.09406275658522512
gap43,0.9273648,0.08134765174908976,0.05555555555555558,-0.025792096193534175
nptx1,0.92725575,0.470664147117113,0.08333333333333337,-0.38733081378377965
qk,0.9262457,0.24113932801769833,0.04629629629629628,-0.19484303172140205
nrxn3,0.92537886,0.06719823017006954,0.06481481481481477,-0.00238341535525477
cnksr2,0.92418766,0.2209982946951191,0.06481481481481477,-0.15618347988030434
lancl1,0.9241524,0.02793012858920585,0.07098765432098764,0.04305752573178179
nudt4,0.92371094,0.1065585103931419,0.0679012345679012,-0.0386572758252407
sec62,0.92341495,0.004839378715951526,0.0771604938271605,0.07232111511120898
itpka,0.9231321,0.44305664377563714,0.058641975308642014,-0.3844146684669951
rbm39,0.9227495,0.0014287689542332727,0.0771604938271605,0.07573172487292723
ptprd,0.9226896,0.10075125593400014,0.0679012345679012,-0.032850021366098936
ermn,0.9222412,0.9801355026040467,0.6358024691358024,-0.3443330334682443
tspan13,0.92223114,0.039452458865280926,0.07098765432098764,0.03153519545570671
pla1a,0.92172086,0.9921187260911647,0.9753086419753086,-0.01681008411585605
bcas1,0.9211665,0.9787067336498133,0.38888888888888884,-0.5898178447609245
mal2,0.91990936,0.07484905747338344,0.0771604938271605,0.0023114363537770632
ckmt1,0.9196902,0.05844125916025256,0.0864197530864198,0.027978493926167247
slc39a10,0.91877043,0.14356823523989493,0.0864197530864198,-0.05714848215347512
ace2,0.9187201,0.9967276582015947,0.9845679012345679,-0.012159756967026758
mast3,0.91856307,0.31543531363783006,0.07098765432098764,-0.24444765931684242
atox1,0.91657114,0.019772318753744744,0.07407407407407407,0.054301755320329326
acot7,0.9161796,0.039083744296446565,0.08024691358024694,0.04116316928380037
rcan2,0.91535085,0.13485735355118222,0.08333333333333337,-0.051524020217848854
hlf,0.9147435,0.22533069087892332,0.08950617283950613,-0.1358245180394172
ramp1,0.91412413,0.30437387657279813,0.0771604938271605,-0.22721338274563763
phyhipl,0.9140086,0.025856109139512418,0.08024691358024694,0.05439080444073452
slc8a1,0.9139065,0.11162833571461495,0.08333333333333337,-0.028295002381281575
nell2,0.91385657,0.2055122828040743,0.058641975308642014,-0.14687030749543228
enpp2,0.91371465,0.4260035949670461,0.0864197530864198,-0.3395838418806263
arhgdig,0.9133001,0.07014794672074476,0.09259259259259256,0.0224446458718478
syt13,0.91295636,0.08084066921694244,0.0771604938271605,-0.0036801753897819367
enpep,0.9126258,0.9899064386781583,0.9722222222222222,-0.017684216455936097
araf,0.91232955,0.02000276535926626,0.08950617283950613,0.06950340748023986
tpm1,0.91202223,0.0378854219477347,0.07407407407407407,0.03618865212633937
cxcr4,0.91122514,0.9816103608793842,0.9969135802469136,0.01530321936752932
syngr3,0.91025853,0.055353274646264494,0.08950617283950613,0.03415289819324163
fut9,0.9101781,0.11748167949486099,0.1049382716049383,-0.012543407889922698
son,0.91008675,0.0005991611743558778,0.07407407407407407,0.07347491289971819
gpr37l1,0.90942127,0.9357053970595013,0.0864197530864198,-0.8492856439730815
pvalb,0.9089816,0.7956399502235332,0.16049382716049387,-0.6351461230630393
kcnj8,0.90852034,0.9935014057242937,0.9259259259259259,-0.06757547979836775
nefm,0.9082574,0.4275706318845923,0.10185185185185186,-0.32571878003274046
brinp1,0.9072109,0.11711296492602663,0.08950617283950613,-0.027606792086520504
rasgrf1,0.9071135,0.10872470848504401,0.1049382716049383,-0.0037864368801057147
crip2,0.90683305,0.21468405770383003,0.08950617283950613,-0.1251778848643239
st3gal5,0.9061337,0.11457805226529016,0.11111111111111116,-0.003466941154179004
mog,0.9051123,0.9400838825644098,0.37037037037037035,-0.5697135121940394
olig1,0.90509695,0.9517905701249021,0.2685185185185185,-0.6832720516063836
cacna2d1,0.9049284,0.30211549983868735,0.0864197530864198,-0.21569574675226755
mmp17,0.9030995,0.313730008756971,0.1049382716049383,-0.2087917371520327
sst,0.9028169,0.6428538507627783,0.06481481481481477,-0.5780390359479636
fam107a,0.9022745,0.9188367055353275,0.1450617283950617,-0.7737749771402658
homer1,0.9019102,0.14490482555191964,0.10802469135802473,-0.03688013419389491
paip2,0.901885,0.016131262386505085,0.11111111111111116,0.09497984872460608
sparc,0.90166354,0.9000783518458773,0.1635802469135802,-0.7364981049322971
trf,0.9012662,0.9403143291699313,0.16666666666666663,-0.7736476625032647
bri3,0.90118945,0.21924690049315576,0.09876543209876543,-0.12048146839439033
tbr1,0.90035385,0.4955062911923307,0.13580246913580252,-0.3597038220565282
hspa12a,0.9003267,0.2090150712080011,0.10802469135802473,-0.10099037984997639
ctss,0.9002184,0.9782458404387704,0.25617283950617287,-0.7220730009325975
spock1,0.9001156,0.11250403281559662,0.09876543209876543,-0.013738600716831195
sorl1,0.89943635,0.1929298981426003,0.12037037037037035,-0.07255952777222996
dkk3,0.8980415,0.3641517260450754,0.10185185185185186,-0.26229987419322354
sdcbp,0.8979813,0.03830022583767345,0.1049382716049383,0.06663804576726484
lamp5,0.8979486,0.49154260957736096,0.12345679012345678,-0.3680858194539042
disp2,0.8976873,0.08457390422639077,0.11419753086419748,0.02962362663780671
pde1a,0.8976153,0.38032907775268465,0.12345679012345678,-0.25687228762922787
cap2,0.89672583,0.14518136147854543,0.11728395061728392,-0.027897410861261518
lin7b,0.8967023,0.0839747430520349,0.11419753086419748,0.030222787812162588
pten,0.8963167,0.02525694796515643,0.11728395061728392,0.09202700265212749
qdpr,0.89595056,0.06129879706871921,0.12345679012345678,0.06215799305473757
trp73,0.8953255,0.9782919297598747,0.9814814814814815,0.0031895517216068425
cetn3,0.894583,0.0176982993040512,0.10185185185185186,0.08415355254780066
camkk2,0.89447737,0.1550444761948656,0.11728395061728392,-0.037760525577581694
plekhb1,0.8929033,0.7885882840945753,0.2098765432098766,-0.5787117408846987
cldn11,0.89201367,0.98649582891644,0.22530864197530864,-0.7611871869411314
nhlh2,0.8914107,0.9845139881089552,0.9969135802469136,0.012399592137958382
plk2,0.8913175,0.09706411024565609,0.11728395061728392,0.02021984037162783
2010300c02rik,0.8907327,0.38387795547771586,0.12654320987654322,-0.25733474560117264
hivep2,0.8906925,0.0512513250679818,0.12345679012345678,0.07220546505547498
rogdi,0.8903153,0.03696363552564874,0.12345679012345678,0.08649315459780804
schip1,0.8899167,0.10531409872332576,0.12654320987654322,0.02122911115321746
rapgef4,0.88857853,0.023782089689818875,0.11728395061728392,0.09350186092746504
gng2,0.88818455,0.06475549615154164,0.11728395061728392,0.05252845446574228
mgll,0.8874991,0.09282389270406044,0.11419753086419748,0.021373638160137043
ifi27,0.8874065,0.49426187952251466,0.1635802469135802,-0.33068163260893446
lpgat1,0.8871,0.07526386136332208,0.13888888888888884,0.06362502752556676
egr1,0.8869854,0.25358344471585936,0.14197530864197527,-0.11160813607388409
r3hdm2,0.8858622,0.07600129050099091,0.1450617283950617,0.06906043789407079
apod,0.8856273,0.9039959441397428,0.23456790123456794,-0.6694280429051749
epha4,0.88540965,0.37756371848642667,0.1450617283950617,-0.23250199009136496
pfn1,0.8852916,0.005945522422454719,0.12654320987654322,0.1205976874540885
syt5,0.88521826,0.09153339171314001,0.13580246913580252,0.044269077422662506
chga,0.88505715,0.06710605152786098,0.1450617283950617,0.07795567686720073
satb1,0.8844501,0.25883762732174953,0.154320987654321,-0.10451663966742852
gaa,0.88442236,0.04650412499423884,0.13580246913580252,0.08929834414156368
kcnma1,0.8832959,0.08904456837350783,0.14814814814814814,0.059103579774640314
ogfrl1,0.8832958,0.054708024150804224,0.1450617283950617,0.09035370424425748
timp2,0.88205713,0.1436143245609992,0.12037037037037035,-0.023243954190628857
rph3a,0.88119733,0.11536157072406328,0.14197530864197527,0.026613737917911995
prkcg,0.8801662,0.26257086233119786,0.1635802469135802,-0.09899061541761767
laptm4a,0.8801499,0.007143844771166474,0.13271604938271608,0.1255722046115496
resp18,0.8787041,0.09904595105314096,0.1450617283950617,0.04601577734192075
gper1,0.8784588,0.9781536617965617,0.9506172839506173,-0.027536377845944426
atp2a3,0.87843275,0.9882933124395078,0.9660493827160493,-0.022243929723458455
calb1,0.87815267,0.5144029128450938,0.22530864197530864,-0.2890942708697851
scg2,0.87746125,0.06369544176614284,0.1450617283950617,0.08136628662891887
prdx6,0.8773224,0.12886574180762322,0.12037037037037035,-0.008495371437252874
sars,0.87723124,0.02525694796515643,0.14814814814814814,0.12289120018299171
csrp1,0.87630695,0.7327280269161636,0.1820987654320988,-0.5506292614840648
mpped1,0.8761227,0.22311840346591694,0.16666666666666663,-0.05645173679925031
mt2,0.87587154,0.7710743420749413,0.20370370370370372,-0.5673706383712376
golga7b,0.87451065,0.15979167626860857,0.15123456790123457,-0.008557108367374
sept4,0.87446904,0.160483016085173,0.14197530864197527,-0.01850770744319774
kcnc1,0.87431914,0.18076231737106507,0.16666666666666663,-0.014095650704398444
tsc22d4,0.8732819,0.7378439415587408,0.17901234567901236,-0.5588315958797284
sirt2,0.8728165,0.11324146195326545,0.12654320987654322,0.013301747923277762
ephx4,0.8723099,0.17481679494861035,0.16666666666666663,-0.008150128281943725
sec14l1,0.87093544,0.12748306217449412,0.154320987654321,0.026837925479826885
sez6l,0.87091774,0.1929759874637047,0.16049382716049387,-0.03248216030321083
ugt8a,0.87078977,0.9473199059777849,0.6265432098765432,-0.3207766961012417
ociad2,0.87036484,0.148499792598055,0.14814814814814814,-0.0003516444499068738
shisa4,0.87033606,0.06779739134442553,0.15740740740740744,0.08961001606298191
syne1,0.86977506,0.023828179010923156,0.1635802469135802,0.13975206790265704
cyth4,0.86859304,0.9840530948979122,0.9320987654320988,-0.051954329465813354
pdp1,0.8676689,0.1561506199013688,0.16049382716049387,0.00434320725912507
camk2n2,0.86735827,0.179057012490206,0.16975308641975306,-0.00930392607045294
p2ry12,0.86723775,0.9635433470064986,0.6481481481481481,-0.31539519885835043
dnm3,0.86704904,0.053740148407613986,0.16049382716049387,0.10675367875287989
lrrc4c,0.8670393,0.1065585103931419,0.1635802469135802,0.05702173652043829
p2ry13,0.8670229,0.9845600774300595,0.9290123456790124,-0.0555477317510471
npy,0.86661756,0.49753422132091996,0.12654320987654322,-0.37099101144437674
adora1,0.8664856,0.3840162234410287,0.1635802469135802,-0.2204359765274485
fgf12,0.8658813,0.049730377471539855,0.16975308641975306,0.12002270894821321
ivns1abp,0.8657706,0.05756556205927088,0.16975308641975306,0.11218752436048218
cryab,0.86414284,0.4582200304189519,0.20679012345679015,-0.2514299069621617
p2ry6,0.86358684,0.9792137161819606,0.9722222222222222,-0.006991493959738415
acsl3,0.86349493,0.0820389915656542,0.14197530864197527,0.05993631707632108
laptm4b,0.8633373,0.09144121307093145,0.18827160493827155,0.0968303918673401
ak5,0.8631348,0.24127759598101117,0.17592592592592593,-0.06535167005508524
srcin1,0.8627324,0.07268285938148134,0.16666666666666663,0.0939838072851853
s100a1,0.86213434,0.8040282066645158,0.18518518518518523,-0.6188430214793306
rims3,0.8620574,0.23832787943033595,0.2006172839506173,-0.03771059547971867
ahi1,0.86189574,0.03783933262663042,0.154320987654321,0.11648165502769059
gjb1,0.8616408,0.982025164769323,0.8765432098765432,-0.10548195489277978
gstm1,0.8614027,0.707010185739964,0.16975308641975306,-0.5372570993202109
dync1i1,0.8612918,0.06314236991289124,0.17592592592592593,0.11278355601303469
tyro3,0.86113846,0.39885698483661336,0.1728395061728395,-0.22601747866377386
htra1,0.8600341,0.5701709913812969,0.18827160493827155,-0.38189938644302535
lgmn,0.8599423,0.05959349218786003,0.16049382716049387,0.10090033497263384
atp1b2,0.8597327,0.16822602203069548,0.16975308641975306,0.0015270643890575863
rprml,0.8596309,0.4027745771304788,0.191358024691358,-0.21141655243912083
ttyh2,0.85957557,0.9479190671521408,0.6697530864197531,-0.27816598073238774
abat,0.8587277,0.2551043923123012,0.19753086419753085,-0.057573528114770345
atf4,0.85845274,0.0288980043323962,0.19753086419753085,0.16863285986513465
c1qa,0.85798055,0.9836843803290778,0.3364197530864198,-0.647264627242658
car2,0.8576002,0.7287182559800894,0.15123456790123457,-0.5774836880788549
mlc1,0.8572838,0.959303129464903,0.308641975308642,-0.650661154156261
des,0.8566848,0.9860810250265014,0.9845679012345679,-0.0015131237919334684
actr3b,0.8561661,0.12010877079780613,0.1820987654320988,0.06198999463429267
mical2,0.8559495,0.10153477439277314,0.20370370370370372,0.10216892931093058
meis1,0.8556232,0.9595335760704244,0.9691358024691358,0.009602226398711333
opalin,0.8547469,0.9857123104576669,0.5092592592592593,-0.47645305119840764
1700047m11rik,0.8545264,0.9904595105314099,0.845679012345679,-0.1447804981857309
ipcef1,0.8544682,0.4540719915195649,0.19753086419753085,-0.25654112732203405
cd274,0.8539565,0.9578743605106697,0.9876543209876543,0.029779960476984613
arhgef25,0.8536526,0.18306678342628013,0.191358024691358,0.008291241265077853
ogn,0.85363317,0.9828547725492004,0.9567901234567902,-0.02606464909241024
pdgfra,0.853267,0.9681522791169286,0.7438271604938271,-0.22432511862310145
car10,0.85324,0.3039129833617551,0.191358024691358,-0.11255495867039711
bcan,0.85290307,0.7391805318707656,0.2314814814814815,-0.5076990503892841
myrf,0.85235655,0.9767709821634327,0.7932098765432098,-0.18356110562022288
pbx1,0.8520187,0.1496520256256625,0.20370370370370372,0.05405167807804123
fa2h,0.8510624,0.9850209706411025,0.6574074074074074,-0.32761356323369506
rasgrf2,0.85092133,0.3963220721758769,0.23456790123456794,-0.16175417094130895
cox4i2,0.8506236,0.9835461123657648,0.9660493827160493,-0.017496729649715492
ier5,0.8494075,0.32691155459280086,0.2222222222222222,-0.10468933237057865
gja1,0.84915215,0.9442319214637969,0.24382716049382713,-0.7004047609699697
anapc11,0.8484444,0.01465640411116742,0.1820987654320988,0.16744236132093138
rab3c,0.8471954,0.06535465732589762,0.19753086419753085,0.13217620687163323
plxnb3,0.84678537,0.9914273862746001,0.8858024691358025,-0.10562491713879762
tyrobp,0.8459422,0.9834539337235563,0.44753086419753085,-0.5359230695260254
csf1r,0.8459131,0.9790293588975434,0.537037037037037,-0.4419923218605064
mapk3,0.84537023,0.24307507950407892,0.2006172839506173,-0.04245779555346163
gpr37,0.8451072,0.913997326819376,0.5617283950617284,-0.3522689317576475
s100b,0.8444691,0.7391344425496613,0.24691358024691357,-0.49222086230274775
pla2g7,0.84367687,0.7924597870673364,0.2592592592592593,-0.5332005278080771
dpy19l1,0.8436057,0.3845692952942803,0.21604938271604934,-0.16851991257823096
kcnj10,0.8435477,0.9589805042171728,0.345679012345679,-0.6133014918714939
dner,0.8425764,0.19882933124395075,0.21604938271604934,0.017220051472098596
chl1,0.84172356,0.09015071208001102,0.20370370370370372,0.1135529916236927
fn1,0.8415748,0.9709176383831866,0.6975308641975309,-0.2733867741856557
gab1,0.84143704,0.9559846983453933,0.7623456790123457,-0.1936390193330476
vstm2l,0.8412673,0.17080702401253633,0.23765432098765427,0.06684729697511793
asns,0.84091485,0.055721989215098855,0.2129629629629629,0.15724097374786405
nmnat2,0.84071386,0.06028483200442458,0.2006172839506173,0.1403324519461927
pls3,0.84023625,0.09038115868553254,0.2222222222222222,0.13184106353668967
slc30a3,0.83952475,0.3797299165783288,0.24382716049382713,-0.13590275608450164
c1qb,0.8390611,0.9781075724754574,0.37962962962962965,-0.5984779428458278
myl4,0.8387434,0.6156611513112411,0.33024691358024694,-0.28541423773099417
th,0.8382329,0.972208139374107,0.9753086419753086,0.003100502601201649
btbd3,0.8372074,0.24713093976125733,0.23765432098765427,-0.009476618773603063
bcl11a,0.8368619,0.1613587131861548,0.2314814814814815,0.07012276829532671
cacng3,0.8368111,0.16085173065400749,0.23456790123456794,0.07371617058056046
ndrg1,0.8367259,0.8959303129464903,0.5092592592592593,-0.386671053687231
gm13861,0.835643,0.9760796423468683,0.9876543209876543,0.011574678640785985
cd53,0.8356299,0.9705950131354565,0.9074074074074074,-0.06318760572804905
kcnmb4,0.8354861,0.2368530211549984,0.21913580246913578,-0.017717218685862623
igfbp4,0.834832,0.4652716965479099,0.26543209876543206,-0.19983959778247784
ly6a,0.8347078,0.9681522791169286,0.4012345679012346,-0.566917711215694
nfib,0.83467764,0.23136839194358672,0.2407407407407407,0.009372348797153984
ptpn18,0.83461165,0.982946951191409,0.9074074074074074,-0.07553954378400152
ptprz1,0.83426833,0.6753468221413099,0.2222222222222222,-0.4531245999190877
serpine2,0.8342299,0.47955938609024285,0.2129629629629629,-0.26659642312727994
acsbg1,0.8335973,0.9398534359588884,0.4135802469135802,-0.5262731890453082
crym,0.83287114,0.7013411992441352,0.3641975308641975,-0.3371436683799377
mfge8,0.8328343,0.8865741807623173,0.3271604938271605,-0.5594136869351568
cdk14,0.83206683,0.17131400654468365,0.2129629629629629,0.04164895641827926
dtnbp1,0.8318574,0.15218693828639906,0.2222222222222222,0.07003528393582314
myh11,0.8309155,0.97234640733742,0.9876543209876543,0.015307913650234317
sorbs2,0.8308897,0.12342720191731571,0.23456790123456794,0.11114069931725223
slc13a4,0.83045983,0.9852975065677283,0.9783950617283951,-0.006902444839333222
rtn4r,0.83009285,0.48937641148545885,0.23765432098765427,-0.2517220904978046
egr3,0.82984996,0.49260266396275987,0.24382716049382713,-0.24877550346893273
foxp1,0.8298298,0.13172327971608977,0.2407407407407407,0.10901746102465093
col1a2,0.82975274,0.9795363414296907,0.8919753086419753,-0.08756103278771543
lyn,0.82914656,0.9693045121445361,0.9012345679012346,-0.06806994424330148
cpne6,0.82885754,0.16195787436051068,0.2314814814814815,0.06952360712097083
elavl2,0.8287719,0.13624003318431122,0.26234567901234573,0.12610564582803452
rprm,0.82664925,0.6695856570032723,0.43518518518518523,-0.2344004718180871
slc25a18,0.8264575,0.9278702124717703,0.49691358024691357,-0.4309566322248567
ppp1r12a,0.82645375,0.02557957321288662,0.2314814814814815,0.2059019082685949
vstm4,0.8263566,0.982025164769323,0.9845679012345679,0.0025427364652449436
gjb2,0.8261323,0.9857123104576669,0.9444444444444444,-0.04126786601322252
ano3,0.82597196,0.37678020002765356,0.2592592592592593,-0.11752094076839426
gpr88,0.8250974,0.7913997326819375,0.4228395061728395,-0.36856022650909803
pkig,0.82467544,0.04055860257178412,0.22530864197530864,0.18475003940352452
kcnh7,0.82426417,0.2349172696686178,0.2407407407407407,0.005823471072122888
hexb,0.82374907,0.3624464211642162,0.2314814814814815,-0.1309649396827347
atp13a5,0.82374024,0.9739134442549662,0.904320987654321,-0.06959245660064517
sept11,0.8232879,0.03028068396552519,0.2314814814814815,0.20120079751595632
ntsr2,0.8232154,0.8130156242798543,0.33333333333333337,-0.47968229094652093
slc24a3,0.8228504,0.2752454256348804,0.27469135802469136,-0.0005540676101890574
fcgr3,0.8224971,0.9720237820896899,0.8148148148148149,-0.157208967274875
fam163b,0.82165116,0.22887956860395442,0.25617283950617287,0.027293270902218447
scgn,0.82110494,0.9670461354104254,0.9938271604938271,0.026781025083401744
dlg1,0.8210256,0.16550675208554178,0.2407407407407407,0.07523398865519892
phldb1,0.82092047,0.7788173480204637,0.40740740740740744,-0.3714099406130562
c1qc,0.8208675,0.980504217172881,0.42901234567901236,-0.5514918714938687
alcam,0.82010543,0.24109323869659405,0.22530864197530864,-0.015784596721285404
fgfr3,0.8199595,0.9229386551136102,0.5185185185185186,-0.4044201365950916
mmd2,0.81982505,0.4789141355947827,0.25617283950617287,-0.22274129608860982
crybb1,0.8197824,0.9907360464580357,0.9197530864197531,-0.07098296003828264
neurod2,0.81905717,0.4965202562566253,0.2716049382716049,-0.2249153179850204
unc93b1,0.8189007,0.9701802092455178,0.8518518518518519,-0.11832835739366598
cacna1e,0.81852096,0.2182790247499654,0.2407407407407407,0.02246171599077529
ppp1r1b,0.8180572,0.5248651887357699,0.26234567901234573,-0.2625195097234242
gpr183,0.8173468,0.9622989353366825,0.9814814814814815,0.019182546144798973
rapgef5,0.81725377,0.32608194681292346,0.2777777777777778,-0.04830416903514567
rnase4,0.8172268,0.9531732497580311,0.8055555555555556,-0.1476176942024755
carhsp1,0.8168701,0.9289763561782735,0.6790123456790124,-0.2499640104992611
cobl,0.8164576,0.45697561874913584,0.2901234567901234,-0.16685216195901242
ccdc136,0.8159442,0.08904456837350783,0.2777777777777778,0.18873320940426996
tmem98,0.8158257,0.9757109277780338,0.8703703703703703,-0.10534055740766346
gm11549,0.8155571,0.47024934322717427,0.2777777777777778,-0.19247156544939648
atp2b4,0.815438,0.48121860164999775,0.3395061728395061,-0.14171242881049162
synpo,0.8153221,0.3314283080610223,0.24691358024691357,-0.08451472781410874
s1pr1,0.81505525,0.9393003641056368,0.32407407407407407,-0.6152262900315627
fgf13,0.81502163,0.17218970364566533,0.26234567901234573,0.09015597536668041
sez6,0.814512,0.23777480757708436,0.2901234567901234,0.052348649213039056
camk1,0.8136683,0.060423099967737426,0.2777777777777778,0.21735467781004036
prkca,0.8135832,0.1787804765635802,0.25,0.0712195234364198
igfbp6,0.8129614,0.5526570493616629,0.2592592592592593,-0.29339779010240363
lmod1,0.81274754,0.960685809098032,0.9938271604938271,0.033141351395795104
etv1,0.81267697,0.562658432041296,0.3919753086419753,-0.17068312339932068
plcxd2,0.8121085,0.38231091856016963,0.3549382716049383,-0.02737264695523134
tbx2,0.81202275,0.9894916347882196,0.9598765432098766,-0.029615091578342967
igf2,0.8116461,0.9881089551550906,0.8518518518518519,-0.1362571033032387
vstm2a,0.8112203,0.08070240125362949,0.27469135802469136,0.19398895677106187
gabrd,0.8111522,0.3085219154721851,0.29320987654320985,-0.015312038928975258
rorb,0.8107651,0.649260266396276,0.49382716049382713,-0.15543310590244885
olig2,0.8103312,0.9848366133566853,0.8487654320987654,-0.13607118125791984
gsn,0.8101286,0.7793704198737152,0.4228395061728395,-0.35653091370087575
colec12,0.8096754,0.9660321703461308,0.9290123456790124,-0.037019824667118395
emcn,0.80955285,0.9793519841452736,0.9166666666666666,-0.06268531747860695
sncg,0.8089062,0.9714707102364382,0.9567901234567902,-0.014680586779648008
ifitm3,0.808543,0.9524358206203623,0.4135802469135802,-0.538855573706782
rgs17,0.80829066,0.0866940129971886,0.2901234567901234,0.20342944379293482
vtn,0.80824316,0.9536802322901784,0.4722222222222222,-0.4814580100679562
kcnab3,0.8079686,0.4260035949670461,0.3580246913580247,-0.06797890360902137
ppp1r14a,0.8079482,0.9756648384569295,0.5802469135802469,-0.3954179248766826
ndufa4l2,0.8079237,0.9683366364013458,0.9351851851851852,-0.03315145121616059
ptprb,0.80788153,0.9431257777572937,0.7993827160493827,-0.14374306170791096
trem2,0.8075589,0.9369958980504217,0.7314814814814814,-0.20551441656894032
art3,0.80709267,0.9438632068949624,0.9351851851851852,-0.008678021709777162
neto1,0.8070211,0.19721620500530024,0.2716049382716049,0.07438873326630469
gad2,0.80700624,0.5085495690648476,0.3179012345679012,-0.1906483344969464
cxcl14,0.8067569,0.7452182329354289,0.33333333333333337,-0.4118848996020955
olfml3,0.806118,0.9750656772825737,0.7376543209876543,-0.23741135629491938
kcnip3,0.80580425,0.3586210075125593,0.29320987654320985,-0.06541113096934947
ltc4s,0.80523896,0.9677835645480942,0.9197530864197531,-0.04803047812834116
slco2b1,0.80486727,0.9800894132829423,0.8549382716049383,-0.125151141678004
adcy2,0.80485326,0.23123012398027376,0.2716049382716049,0.04037481429133116
rora,0.8045451,0.18514080287597368,0.33333333333333337,0.1481925304573597
slc2a13,0.8044253,0.14398303912983357,0.2870370370370371,0.14305399790720352
necab1,0.8043752,0.2709591187721805,0.2870370370370371,0.016077918264856605
car14,0.80419433,0.986034935705397,0.8487654320987654,-0.1372695036066316
ly6c1,0.803724,0.9678757431903028,0.3919753086419753,-0.5759004345483275
galnt9,0.8034862,0.31050375627967,0.3179012345679012,0.0073974782882312295
rbpms2,0.8033637,0.9839148269345993,0.9753086419753086,-0.008606184959290664
tmem88b,0.8029594,0.8904456837350786,0.6728395061728395,-0.2176061775622391
kdr,0.8026081,0.987555883301839,0.8734567901234568,-0.11409909317838218
ptk2,0.8025428,0.1275752408167028,0.2901234567901234,0.16254821597342062
slc4a4,0.80230534,0.7087154906208232,0.3395061728395061,-0.36920931778131705
ggt5,0.80187535,0.9925796193022077,0.9753086419753086,-0.017270977326899084
elmo1,0.8017933,0.22966308706272753,0.2901234567901234,0.06046036972739588
rit2,0.80161023,0.06337281651841264,0.29320987654320985,0.2298370600247972
dcn,0.8013563,0.9742821588238005,0.9382716049382716,-0.036010553885528984
nostrin,0.80101097,0.9564455915564364,0.9166666666666666,-0.03977892488976975
marcksl1,0.8005956,0.3401852790708393,0.308641975308642,-0.03154330376219727
gfra4,0.8002013,0.09217864220860028,0.28395061728395066,0.19177197507535038
mtfp1,0.80004364,0.07507950407890496,0.27469135802469136,0.1996118539457864
dgkb,0.7997521,0.3485274461907176,0.308641975308642,-0.03988547088207561
ssbp3,0.7996348,0.08383647508872194,0.29320987654320985,0.2093734014544879
gstm2,0.79961073,0.9776466792644144,0.9722222222222222,-0.005424457042192188
nkx6-2,0.7994938,0.9845600774300595,0.7777777777777778,-0.20678229965228168
evi2a,0.7991694,0.909388394708946,0.7006172839506173,-0.20877111075832866
s100a16,0.7991615,0.9327095911877218,0.3734567901234568,-0.559252801064265
rgs5,0.79870045,0.8972208139374107,0.5401234567901234,-0.3570973571472873
aspa,0.7980275,0.98617320366871,0.7438271604938271,-0.24234604317488284
tsn,0.7973895,0.029773701433377875,0.29320987654320985,0.26343617510983197
enho,0.7971175,0.143890860487625,0.2716049382716049,0.12771407778397992
fhl2,0.7970492,0.33428584596948885,0.29320987654320985,-0.041075969426279
gpr34,0.79667944,0.9340461814997465,0.845679012345679,-0.0883671691540675
cnr1,0.79616696,0.20085726137254,0.2777777777777778,0.07692051640523778
fdps,0.7959048,0.07378900308798453,0.2993827160493827,0.22559371296139819
ube2e3,0.79567325,0.05198875420565052,0.28395061728395066,0.23196186307830013
rasl10a,0.7949531,0.6040005530718533,0.3549382716049383,-0.249062281466915
pcp4l1,0.79470646,0.4593261741254552,0.35185185185185186,-0.10747432227360332
bex1,0.7934892,0.05327925519657095,0.2962962962962963,0.24301704109972533
sall3,0.7926734,0.9805963958150896,0.9660493827160493,-0.014547013099040274
bhlhe40,0.7926004,0.44107480296815227,0.3487654320987654,-0.09230937086938684
kcnc2,0.79186255,0.3030833755818777,0.3271604938271605,0.024077118245282803
higd1b,0.7916632,0.9778310365488316,0.8981481481481481,-0.0796828884006835
hepacam,0.7907986,0.9341383601419551,0.5092592592592593,-0.42487910088269576
cdc42ep1,0.79078394,0.9728533898695673,0.8271604938271605,-0.14569289604240676
dach1,0.7905946,0.9415126515186432,0.9537037037037037,0.012191052185060558
gng5,0.79054826,0.5985159238604416,0.33024691358024694,-0.2682690102801947
scn1a,0.79049736,0.09305433930958196,0.3179012345679012,0.22484689525831925
rnd2,0.79016095,0.47790017053048806,0.31172839506172845,-0.1661717754687596
itga1,0.7896089,0.9708715490620823,0.9135802469135803,-0.05729130214850198
snhg18,0.78892756,0.9547863759966816,0.9506172839506173,-0.004169092046064304
rasgrp3,0.78832793,0.9538645895745955,0.9074074074074074,-0.04645718216718808
lmo3,0.7882573,0.3044660552150067,0.34259259259259256,0.03812653737758587
fcer1g,0.7880256,0.9799050559985252,0.6728395061728395,-0.3070655498256857
hs3st4,0.78786105,0.6421625109462137,0.4320987654320988,-0.21006374551411489
vbp1,0.7863604,0.023413375120984514,0.31481481481481477,0.29140143969383026
lgr5,0.78602594,0.9342305387841637,0.962962962962963,0.028732424178799287
emx2,0.78600967,0.9631746324376642,0.9506172839506173,-0.012557348487046927
clstn2,0.7852878,0.23597732405401672,0.3395061728395061,0.1035288487854894
gprasp2,0.78504664,0.07830575655620597,0.32407407407407407,0.2457683175178681
s100a10,0.7849067,0.48439876480619437,0.36111111111111116,-0.12328765369508321
a830018l16rik,0.7847896,0.15951514034198278,0.3395061728395061,0.17999103249752335
nrip3,0.783799,0.24703876111904877,0.3364197530864198,0.08938099196737104
slc6a13,0.78373367,0.984790524035581,0.9537037037037037,-0.031086820331877263
efr3a,0.78369635,0.04558233857215288,0.3179012345679012,0.2723188959957483
nrep,0.78332686,0.21279439553855373,0.345679012345679,0.13288461680712527
selplg,0.7820628,0.952850624510301,0.7067901234567902,-0.24606050105351085
pcolce,0.78199863,0.9740978015393833,0.9537037037037037,-0.02039409783567958
osbpl8,0.7816534,0.08277642070332303,0.33333333333333337,0.25055691263001034
tmeff1,0.7803405,0.16126653454394613,0.35185185185185186,0.19058531730790573
cyth2,0.7802934,0.07217587684933402,0.32098765432098764,0.24881177747165362
etl4,0.7801418,0.16582937733327185,0.3364197530864198,0.17059037575314795
cd9,0.779712,0.9457067797391344,0.4320987654320988,-0.5136080143070356
pecam1,0.77953756,0.9853435958888326,0.8827160493827161,-0.1026275465061165
cmtm5,0.77928615,0.9527584458680923,0.4814814814814815,-0.4712769643866108
pex5l,0.77902937,0.2989353366824906,0.35185185185185186,0.052916515169361245
kctd1,0.7787984,0.3940636954417661,0.37037037037037035,-0.023693325071395765
gjb6,0.7785991,0.9414665621975389,0.5308641975308642,-0.41060236466667466
gjc3,0.7785187,0.9871410794119002,0.6820987654320987,-0.3050423139798015
tmem130,0.7784851,0.06374153108724712,0.32407407407407407,0.26033254298682695
nav3,0.77847236,0.09849287919988936,0.3055555555555556,0.20706267635566622
dio2,0.7781546,0.9268101580863713,0.6790123456790124,-0.24779781240735899
tspan2,0.77808356,0.6197170115684196,0.3271604938271605,-0.2925565177412591
spock3,0.7773201,0.17721343964603398,0.33024691358024694,0.15303347393421296
fxyd6,0.7771619,0.2180024888233396,0.345679012345679,0.12767652352233938
litaf,0.77708346,0.9326635018666175,0.7438271604938271,-0.18883634137279037
etv5,0.77574956,0.1400654468359681,0.36111111111111116,0.22104566427514305
clk1,0.77526885,0.006175969027976236,0.31481481481481477,0.30863884578683853
ly86,0.7751477,0.9876941512651518,0.7530864197530864,-0.23460773151206538
neurod6,0.77502507,0.48767110660459967,0.3672839506172839,-0.12038715598731575
b3galt2,0.7747477,0.2414619532654284,0.3950617283950617,0.1535997751296333
aif1,0.7746553,0.9300364105636724,0.7222222222222222,-0.20781418834145016
marc2,0.77368385,0.13038668940406506,0.3364197530864198,0.20603306368235474
luzp2,0.77340865,0.5508134765174909,0.3641975308641975,-0.18661594565329342
cds1,0.77317315,0.14794672074480342,0.3271604938271605,0.1792137730823571
cldn10,0.77303565,0.8913213808360603,0.4814814814814815,-0.40983989935457876
col1a1,0.77231735,0.9867723648430659,0.9598765432098766,-0.026895821633189265
stxbp6,0.7720194,0.4813568696133106,0.4012345679012346,-0.08012230171207602
krt12,0.77198994,0.5625662533990874,0.44753086419753085,-0.11503538920155654
rbp1,0.7719242,0.9447849933170485,0.8024691358024691,-0.1423158575145793
rgs7,0.77157015,0.110107388118173,0.33333333333333337,0.22322594521516037
atp1b3,0.7706898,0.039406369544176645,0.3364197530864198,0.29701338354224316
kcna6,0.7702833,0.1667972530764622,0.37962962962962965,0.21283237655316745
nfix,0.7693339,0.2049592109508227,0.34259259259259256,0.13763338164176986
cacna2d3,0.7690961,0.2749688897082546,0.3487654320987654,0.07379654239051081
kcnip4,0.76899606,0.1893810204175692,0.3364197530864198,0.1470387326688506
cldn5,0.76836705,0.975572659814721,0.5987654320987654,-0.37680722771595554
laptm5,0.7673273,0.9863114716320228,0.7376543209876543,-0.24865715064436855
itm2a,0.767117,0.7037378439415587,0.40740740740740744,-0.29633043653415125
id4,0.7669236,0.7135548693367746,0.44753086419753085,-0.26602400513924374
fndc5,0.7667703,0.19316034474812183,0.3549382716049383,0.16177792685681647
fcrls,0.7667578,0.9864036502742315,0.8271604938271605,-0.159243156447071
cyyr1,0.7666821,0.990321242568097,0.9691358024691358,-0.021185440098961172
s100a13,0.76620775,0.9125224685440383,0.5061728395061729,-0.4063496290378654
aldh1a2,0.7651032,0.9897220813937411,0.9753086419753086,-0.014413439418432428
cd82,0.7648326,0.9791676268608563,0.8271604938271605,-0.15200713303369584
cntnap2,0.76465714,0.1479928100659077,0.3549382716049383,0.2069454615390306
epas1,0.76463044,0.9385168456468637,0.4537037037037037,-0.48481314194315994
phyhip,0.764199,0.1308475826151081,0.3672839506172839,0.23643636800217582
dusp14,0.76410854,0.2239941005668986,0.345679012345679,0.12168491177878038
aqp4,0.763834,0.9696271373922662,0.5216049382716049,-0.4480221991206613
cnih3,0.76322573,0.3957690003226253,0.40740740740740744,0.011638407084782143
pltp,0.7626972,0.9110476102687007,0.6666666666666667,-0.244380943602034
ssbp2,0.7624279,0.04327787251693782,0.36111111111111116,0.31783323859417334
itgb5,0.76083845,0.9429414204728764,0.8117283950617284,-0.131213025411148
mcam,0.7597696,0.9753883025303037,0.8425925925925926,-0.13279570993771117
mgat5,0.758969,0.3294464672535373,0.3765432098765432,0.047096742623005894
arhgap32,0.7582951,0.21182651979536338,0.3765432098765432,0.16471669008117984
osbp2,0.7581462,0.22086002673180627,0.3549382716049383,0.13407824487313202
pllp,0.75789034,0.8311287274738444,0.5154320987654322,-0.3156966287084122
pamr1,0.7567455,0.618242153293082,0.43827160493827155,-0.1799705483548104
hk2,0.7565875,0.957459556620731,0.9506172839506173,-0.006842272670113725
slc44a1,0.756562,0.32257915840899665,0.38888888888888884,0.06630973047989219
itih5,0.756521,0.9530810711158224,0.8703703703703703,-0.08271070074545206
flt1,0.75506634,0.979582430750795,0.7067901234567902,-0.27279230729400483
rtn4rl1,0.7549843,0.42286952113195375,0.41666666666666663,-0.006202854465287122
kcnv1,0.75459135,0.4575747799234917,0.37037037037037035,-0.08720440955312136
slco1a4,0.7544231,0.975572659814721,0.6080246913580247,-0.36754796845669624
synpr,0.75389355,0.41955109001244406,0.31481481481481477,-0.10473627519762929
aspn,0.7537777,0.9863114716320228,0.9783950617283951,-0.007916409903627741
hs3st2,0.75359094,0.5262478683688989,0.46604938271604934,-0.060198485652849576
gfra2,0.7526792,0.46623957229110014,0.3950617283950617,-0.07117784389603843
tril,0.75237685,0.9453380651703001,0.6604938271604939,-0.2848442380098062
rbpms,0.7513709,0.9487486749320182,0.9783950617283951,0.029646386796376878
pld4,0.75102526,0.9892150988615938,0.8888888888888888,-0.10032620997270492
serping1,0.75097847,0.9725768539429415,0.9598765432098766,-0.012700310733064879
tesc,0.7509101,0.4666082868599346,0.441358024691358,-0.02525026216857662
lzts1,0.75047225,0.3962759828547725,0.38888888888888884,-0.007387093965883662
foxp2,0.7501139,0.8506245103009633,0.7407407407407407,-0.10988376956022261
wscd1,0.74939585,0.6087477531455961,0.4506172839506173,-0.15813046919497886
tagln,0.74897486,0.9344609853896853,0.9598765432098766,0.025415557820191337
gng11,0.74888104,0.961607595520118,0.5987654320987654,-0.36284216342135256
tek,0.7487048,0.9359358436650228,0.9166666666666666,-0.019269176998356174
sox10,0.7481568,0.9862653823109185,0.7685185185185185,-0.21774686379240005
nxph4,0.748093,0.9599022906392589,0.962962962962963,0.0030606723237041056
ctla2a,0.747421,0.9863114716320228,0.7407407407407407,-0.24557073089128212
hpgd,0.7472234,0.9410056689864958,0.9228395061728395,-0.01816616281365635
rab3b,0.7469837,0.26312393418444946,0.4104938271604939,0.14736989297604441
pglyrp1,0.74696624,0.9725768539429415,0.8024691358024691,-0.17010771814047232
cit,0.7466651,0.068949624372033,0.3858024691358025,0.3168528447637695
sulf2,0.7461841,0.22261142093376962,0.4012345679012346,0.17862314696746495
cd63,0.74617916,0.5849656634557773,0.39814814814814814,-0.18681751530762913
serpinf1,0.7457337,0.9457989583813431,0.9259259259259259,-0.01987303245541716
slc2a1,0.7456907,0.4666082868599346,0.3765432098765432,-0.09006507698339139
nrsn2,0.74442023,0.2485597087154906,0.39814814814814814,0.14958843943265754
kcnk2,0.7431989,0.35447296861317235,0.43827160493827155,0.08379863632509921
cfh,0.74190336,0.9764944462368069,0.8271604938271605,-0.14933395240964642
satb2,0.7418219,0.5130663225330692,0.40740740740740744,-0.10565891512566172
lims2,0.74179083,0.9349218786007282,0.8148148148148149,-0.12010706378591329
vamp5,0.7403696,0.9748813199981564,0.9475308641975309,-0.02735045580062556
gjc1,0.7398113,0.9216020648015855,0.9320987654320988,0.010496700630513334
abcb1a,0.7384026,0.9192515094252661,0.7932098765432098,-0.12604163288205628
tm4sf1,0.7382526,0.9613310595934922,0.8395061728395061,-0.12182488675398606
pnck,0.73817277,0.10144259575056458,0.38888888888888884,0.28744629313832426
fhl1,0.7377842,0.23671475319168545,0.40740740740740744,0.170692654215722
cux2,0.7377766,0.5476794026823986,0.5061728395061729,-0.0415065631762257
frmd8,0.7376403,0.8822417845785131,0.7746913580246914,-0.10755042655382174
dbx2,0.7376078,0.9277319445084574,0.7901234567901234,-0.137608487718334
prex2,0.73724234,0.7752223809743283,0.5524691358024691,-0.22275324517185913
tspan15,0.7368574,0.9043646587085772,0.7839506172839507,-0.12041404142462653
slc39a12,0.7363121,0.9590726828593815,0.6481481481481481,-0.3109245347112334
id1,0.73601836,0.9185601696087017,0.7438271604938271,-0.17473300911487455
fyb,0.7356205,0.9898142600359496,0.9598765432098766,-0.029937716826073046
uchl3,0.7353934,0.052357468774484994,0.404320987654321,0.351963518879836
nkain4,0.7350816,0.45964879937318526,0.44753086419753085,-0.012117935175654404
ifitm1,0.73422,0.9836382910079735,0.9382716049382716,-0.045366686069701956
tle4,0.7338982,0.39401760612066183,0.49382716049382713,0.0998095543731653
rcn3,0.7338856,0.9737290869705489,0.9537037037037037,-0.02002538326684522
lum,0.7334438,0.9913352076323916,0.9876543209876543,-0.0036808866447373134
gsta4,0.7333899,0.43351615430704704,0.441358024691358,0.007841870384310945
sfxn5,0.7331474,0.4415817855002996,0.42901234567901236,-0.01256943982128722
id3,0.732817,0.8498870811632945,0.5648148148148149,-0.2850722663484796
grb14,0.7325301,0.6128036134027746,0.44753086419753085,-0.1652727492052437
camk2d,0.73250663,0.1839424805272618,0.40740740740740744,0.22346492688014563
frmpd4,0.7322085,0.14001935751486383,0.4135802469135802,0.27356088939871637
caln1,0.73108524,0.29506383370972944,0.42901234567901236,0.13394851196928292
rilpl1,0.7308287,0.2889800433239619,0.42592592592592593,0.13694588260196405
dnajc21,0.7301123,0.20910724985020968,0.43518518518518523,0.22607793533497555
garnl3,0.72992283,0.23777480757708436,0.4320987654320988,0.19432395785501444
lhx2,0.7294552,0.6971470710236438,0.4783950617283951,-0.21875200929524874
arhgef10,0.72874594,0.879292068027838,0.8148148148148149,-0.06447725321302311
slc6a20a,0.72869027,0.9851592386044153,0.8858024691358025,-0.09935676946861283
sh3bgrl,0.72840166,0.1351799787989123,0.3827160493827161,0.24753607058380378
eng,0.7278377,0.9085126976079643,0.7777777777777778,-0.13073491983018648
hcn1,0.727818,0.18302069410517585,0.4320987654320988,0.24907807132692295
gpd1,0.72757316,0.4101949578282712,0.42901234567901236,0.018817387850741163
syt6,0.7268951,0.863944324100106,0.7901234567901234,-0.07382086730998261
lamb2,0.72654635,0.9528045351891967,0.8641975308641976,-0.08860700432499913
phgdh,0.7258926,0.8305295662994884,0.5308641975308642,-0.29966536876862415
tinagl1,0.72490656,0.9445545467115269,0.9537037037037037,0.009149156992176777
cxcl12,0.7246582,0.753836935981933,0.5030864197530864,-0.2507505162288466
ccnh,0.7244791,0.031064202424298304,0.4135802469135802,0.3825160444892819
rarres2,0.72399575,0.9785684656865005,0.8364197530864197,-0.14214871260008077
rab26,0.723743,0.3415679587039683,0.49382716049382713,0.15225920178985886
pdgfrb,0.7228324,0.9523436419781537,0.8487654320987654,-0.10357820987938826
slc9a3r1,0.72199774,0.9593492187860073,0.6975308641975309,-0.26181835458847647
rgl1,0.72197294,0.26611974005622896,0.4320987654320988,0.16597902537586984
sod3,0.72179323,0.9489330322164354,0.8734567901234568,-0.07547624209297865
nfia,0.72156596,0.5113149283311057,0.5123456790123457,0.0010307506812400336
hspb2,0.7210137,0.9381481310780292,0.962962962962963,0.02481483188493383
gatm,0.72070426,0.7147531916854865,0.4814814814814815,-0.23327171020400495
igfbp2,0.7204515,0.8832557496428077,0.7160493827160495,-0.16720636692675828
cgnl1,0.7204502,0.9452458865280915,0.9197530864197531,-0.02549280010833843
sfxn1,0.7200983,0.07784486334516294,0.42901234567901236,0.3511674823338494
cx3cr1,0.7199264,0.9855740424943541,0.8055555555555556,-0.18001848693879852
vim,0.7195769,0.9133520763239158,0.7222222222222222,-0.19112985410169359
mdk,0.7192586,0.903396782965387,0.7901234567901234,-0.11327332617526353
msmo1,0.71921045,0.098124164631055,0.42592592592592593,0.32780176129487093
gabra5,0.71841884,0.425220076508273,0.49691358024691357,0.07169350373864058
car4,0.7184186,0.5152786099460755,0.5092592592592593,-0.006019350686816249
parm1,0.7180566,0.5846430382080472,0.5061728395061729,-0.07847019870187433
rgs10,0.7179109,0.3741531087247085,0.441358024691358,0.06720491596664946
gpr22,0.7174409,0.13619394386320693,0.43518518518518523,0.2989912413219783
sox18,0.71712744,0.9106328063787621,0.8858024691358025,-0.024830337242959577
cpne9,0.7171211,0.6324376641932065,0.5339506172839505,-0.09848704690925592
zic1,0.71711624,0.9840991842190164,0.9197530864197531,-0.06434609779926337
foxc1,0.71633744,0.9665852421993824,0.9537037037037037,-0.012881538495678635
bcat1,0.7151772,0.20270083421671203,0.4506172839506173,0.24791644973390525
igfbp7,0.71499074,0.7184403373738305,0.5216049382716049,-0.19683539910222558
inpp5f,0.71462923,0.07088537585841359,0.4320987654320988,0.3612133895736852
slc32a1,0.7143802,0.5612757524081671,0.4907407407407407,-0.07053501166742637
hist1h2bc,0.7140012,0.4668848227865604,0.4598765432098766,-0.007008279576683818
ptp4a3,0.7127651,0.16638244918652345,0.4598765432098766,0.29349409402335314
pde3a,0.7127433,0.9496704613541043,0.9753086419753086,0.025638180621204376
siglech,0.71246856,0.9902751532469927,0.7962962962962963,-0.1939788569506964
cited2,0.7117796,0.11079872793473755,0.42901234567901236,0.3182136177442748
bcl11b,0.71156245,0.4406599990782136,0.5524691358024691,0.11180913672425552
gstp1,0.71079654,0.011384062312762122,0.44753086419753085,0.43614680188476873
gm3764,0.71076256,0.14135594782688854,0.441358024691358,0.30000207686446945
zbtb20,0.7106164,0.6505968567083007,0.5030864197530864,-0.14751043695521426
axl,0.7094867,0.9644190441074803,0.7654320987654322,-0.19898694534204808
bcam,0.70877075,0.9187445268931189,0.9012345679012346,-0.017509958991884345
ucp2,0.70835084,0.9159791676268608,0.8703703703703703,-0.045608797256490474
spi1,0.7077753,0.9912891183112873,0.9444444444444444,-0.04684467386684288
daam2,0.70761144,0.9077752684702954,0.7006172839506173,-0.20715798451967815
psme1,0.7073917,0.09098031985988841,0.4320987654320988,0.3411184455722104
arpc1b,0.70709974,0.8879568603954464,0.7530864197530864,-0.13487044064235998
hpgds,0.70643854,0.8986956722127483,0.9506172839506173,0.05192161173786902
cnn2,0.7058974,0.9423883486196248,0.9228395061728395,-0.01954884244678534
crip1,0.70577407,0.9427109738673549,0.8240740740740741,-0.11863689979328085
acvrl1,0.7056582,0.9382403097202379,0.904320987654321,-0.03391932206591686
olfm3,0.70557123,0.4731529704567452,0.5216049382716049,0.04845196781485972
slc12a2,0.7052311,0.49075909111858784,0.49382716049382713,0.0030680693752392907
pdlim3,0.70519876,0.9467668341245333,0.9814814814814815,0.03471464735694818
cav1,0.7051201,0.932893948472139,0.8827160493827161,-0.05017789908942294
rgcc,0.704775,0.6989445545467114,0.5123456790123457,-0.18659887553436572
slco1c1,0.7045086,0.9462137622712817,0.558641975308642,-0.3875717869626397
nacc2,0.70401925,0.6356639166705074,0.5154320987654322,-0.1202318179050752
ahnak,0.70395976,0.8990182974604785,0.8117283950617284,-0.08728990239875001
cped1,0.7037984,0.9505461584550859,0.9845679012345679,0.034021742779482
pacsin2,0.70362556,0.3184311195096097,0.5061728395061729,0.1877417199965632
ift57,0.7032784,0.10987694151265148,0.4537037037037037,0.34382676219105224
filip1l,0.7029383,0.9089275014979029,0.9567901234567902,0.04786262195888724
msn,0.70137316,0.9685670830068673,0.9197530864197531,-0.04881399658711427
entpd1,0.70072496,0.8990643867815827,0.9135802469135803,0.014515860131997571
sat1,0.7006454,0.12393418444946303,0.44753086419753085,0.32359667974806783
paqr5,0.69935703,0.9511453196294418,0.9598765432098766,0.008731223580434766
gpx8,0.6991504,0.9157487210213393,0.9320987654320988,0.01635004441075949
slc7a4,0.6987556,0.17887265520578877,0.4783950617283951,0.2995224065226063
rhog,0.698335,0.8857906623035443,0.7932098765432098,-0.09258078576033446
slc27a1,0.69824266,0.39747430520348437,0.5061728395061729,0.1086985343026885
igsf21,0.69814456,0.486795409503618,0.5709876543209876,0.08419224481736964
p2ry14,0.6976728,0.8751901184495552,0.9567901234567902,0.08160000500723497
appl2,0.6964155,0.6055675899893995,0.5308641975308642,-0.0747033924585353
f3,0.69593745,0.8437572014564225,0.6697530864197531,-0.17400411503666946
9130024f11rik,0.6956415,0.5373553947550352,0.5061728395061729,-0.031182555248862376
dpp6,0.6954545,0.13149283311056825,0.4691358024691358,0.3376429693585675
cd164,0.6947054,0.16776512881965244,0.49382716049382713,0.3260620316741747
bgn,0.6945807,0.9791676268608563,0.941358024691358,-0.03780960216949836
gsto1,0.6942841,0.08812278195142187,0.4691358024691358,0.3810130205177139
cpq,0.69347817,0.9486564962898096,0.8333333333333334,-0.11532316295647627
lgr6,0.6929142,0.8884638429275937,0.9537037037037037,0.06523986077610999
cers2,0.6924018,0.4818177628243536,0.5216049382716049,0.0397871754472513
egfl7,0.69161636,0.3594506152924367,0.49691358024691357,0.13746296495447685
gng12,0.69159245,0.5648246301331981,0.5648148148148149,-9.815318383177285e-06
eef1e1,0.69086194,0.07024012536295343,0.48765432098765427,0.41741419562470083
fam135b,0.6908182,0.27865603539659856,0.48765432098765427,0.2089982855910557
rspo1,0.69057727,0.857030925934461,0.8271604938271605,-0.02987043210730045
extl1,0.6901719,0.38060561367931045,0.49382716049382713,0.11322154681451668
ddah1,0.68989015,0.3524450384845831,0.49691358024691357,0.14446854176233048
tshz1,0.68975705,0.5321473014702494,0.595679012345679,0.06353171087542964
msi2,0.6894855,0.16126653454394613,0.4907407407407407,0.3294742061967946
tspan17,0.6893627,0.34110706549292524,0.49691358024691357,0.15580651475398832
kctd12,0.68930686,0.597041065585104,0.5,-0.09704106558510395
neto2,0.68860877,0.2927132783334101,0.5216049382716049,0.22889165993819482
tmem176b,0.68822163,0.8687376134949532,0.7160493827160495,-0.1526882307789037
vstm2b,0.6881813,0.33179702262985666,0.5216049382716049,0.18980791564174826
tiam2,0.68791646,0.40899663547955933,0.5,0.09100336452044067
grm2,0.68729115,0.6383370972945568,0.5864197530864197,-0.051917344208137095
dkkl1,0.68728715,0.6613356685256027,0.5432098765432098,-0.11812579198239281
dtnb,0.6863856,0.20777065953818497,0.5061728395061729,0.2984021799679879
tnfaip6,0.686108,0.9088353228556943,0.8518518518518519,-0.05698347100384249
lgi2,0.68599916,0.3447942111812693,0.5123456790123457,0.16755146783107644
gmpr,0.6859798,0.16942434437940734,0.48456790123456794,0.3151435568551606
cpne4,0.68581015,0.5731667972530765,0.5462962962962963,-0.02687050095678023
inpp5d,0.6849096,0.8945937226344656,0.8827160493827161,-0.011877673251749488
podxl,0.6845201,0.8739457067797392,0.8487654320987654,-0.025180274680973724
reln,0.68444306,0.6750241968935797,0.617283950617284,-0.057740246276295704
lcat,0.6841907,0.956860395446375,0.7993827160493827,-0.1574776793969923
prmt2,0.68417335,0.1073881181730193,0.4783950617283951,0.3710069435553758
penk,0.68397164,0.637138774945845,0.5864197530864197,-0.05071902185942534
uap1,0.6832993,0.1463796838272572,0.4907407407407407,0.3443610569134835
btbd17,0.68302536,0.8839470894593723,0.7716049382716049,-0.11234215118776736
tmem119,0.6826293,0.9884315804028206,0.7623456790123457,-0.2260859013904749
serinc5,0.6825922,0.6519334470203254,0.6049382716049383,-0.046995175415387114
coch,0.6809642,0.632668110798728,0.6141975308641976,-0.018470579934530384
fezf2,0.6805495,0.6946121583629072,0.6296296296296297,-0.06498252873327759
tlcd1,0.6803519,0.9488869428953312,0.7654320987654322,-0.183454844129899
clic4,0.68024606,0.7973913444254966,0.6080246913580247,-0.1893666530674719
tagln2,0.68014526,0.937041987371526,0.8981481481481481,-0.03889383922337786
cdh5,0.67974347,0.9879706871917777,0.9012345679012346,-0.08673611929054315
slc38a3,0.6791831,0.9539106788956999,0.5987654320987654,-0.3551452467969345
myo1b,0.6790291,0.5818315896206849,0.6234567901234568,0.04162520050277185
fermt2,0.678518,0.3586210075125593,0.5185185185185186,0.15989751100595928
ptprk,0.67843884,0.5481402958934415,0.5246913580246914,-0.02344893786875013
gal3st1,0.67843294,0.8122321058210813,0.7530864197530864,-0.05914568606799486
tmbim1,0.67812467,0.7342489745126055,0.6388888888888888,-0.09536008562371667
tmem204,0.67779446,0.9357053970595013,0.9320987654320988,-0.00360663162740249
pcdh17,0.6765746,0.21772595289671381,0.5154320987654322,0.29770614586871835
spon1,0.676141,0.5919251509425266,0.5833333333333333,-0.008591817609193364
tenm2,0.6760895,0.15937687237866982,0.5030864197530864,0.3437095473744166
rasgef1b,0.67592233,0.5406738258745449,0.5185185185185186,-0.022155307356026332
lpcat2,0.6754097,0.8796146932755681,0.8827160493827161,0.0031013561071480122
txnip,0.6751438,0.971286352952021,0.8858024691358025,-0.08548388381621852
klf2,0.6740194,0.8815043554408444,0.8055555555555556,-0.0759487998852888
whrn,0.67400783,0.7127252615568973,0.691358024691358,-0.02136723686553932
mpi,0.67384696,0.16675116375535792,0.5061728395061729,0.33942167575081494
timp3,0.6737042,0.8014932940037793,0.6265432098765432,-0.17495008412723612
zmat4,0.67352235,0.29506383370972944,0.5462962962962963,0.25123246258656684
hist3h2a,0.67335224,0.07669263031755547,0.49382716049382713,0.41713453017627167
c1ql3,0.6712976,0.6440060837903858,0.5864197530864197,-0.057586330703966127
slc17a6,0.6709461,0.811586855325621,0.7283950617283951,-0.08319179359722595
phldb2,0.6708668,0.9304051251325068,0.941358024691358,0.010952899558851148
clic1,0.6701621,0.9353827718117712,0.8734567901234568,-0.061925981688314424
rab31,0.67003495,0.552380513435037,0.5833333333333333,0.030952819898296235
grn,0.6698953,0.19385168456468638,0.5123456790123457,0.31849399444765936
grik3,0.66960114,0.5639489330322165,0.5833333333333333,0.019384400301116766
emp3,0.66925246,0.9291146241415864,0.9660493827160493,0.036934758574462934
fmnl1,0.6689427,0.24307507950407892,0.5277777777777778,0.2847026982736989
trhde,0.6686451,0.5146333594506153,0.5864197530864197,0.07178639363580441
vamp8,0.6674404,0.9180992763976586,0.8395061728395061,-0.07859310355815252
plcd4,0.6668934,0.9226621191869844,0.8858024691358025,-0.03685965005118186
npr3,0.6665944,0.8721943125777757,0.8734567901234568,0.0012624775456810955
2810468n07rik,0.6661408,0.5520117988662028,0.5864197530864197,0.03440795422021692
pou3f1,0.6657842,0.8177628243535973,0.6728395061728395,-0.14492331818075777
pcbp3,0.6651978,0.13430428169793063,0.5277777777777778,0.39347349607984716
thrsp,0.6649691,0.6416094390929621,0.6018518518518519,-0.039757587241110226
mertk,0.6634709,0.9325252339033046,0.7592592592592593,-0.17326597464404525
cpm,0.66323584,0.8650965571277135,0.9351851851851852,0.07008862805747174
anxa3,0.6628938,0.9712402636309168,0.8580246913580247,-0.11321557227289203
inpp5j,0.66265523,0.402498041203853,0.5617283950617284,0.15923035385787543
cib2,0.66173154,0.20085726137254,0.5092592592592593,0.3084019978867193
ppargc1a,0.6609838,0.32995344978568464,0.5709876543209876,0.241034204535303
brinp3,0.6609818,0.45586947504263264,0.5648148148148149,0.10894533977218224
lgals1,0.65960145,0.7363690832834032,0.6512345679012346,-0.08513451538216865
rgs14,0.65948516,0.6390284371111213,0.558641975308642,-0.08038646180247933
elovl1,0.65918916,0.7988662027008342,0.7808641975308642,-0.01800200516996997
zfp36l2,0.6591079,0.8987417615338527,0.8055555555555556,-0.09318620597829708
me3,0.6589543,0.21113517997879894,0.558641975308642,0.3475067953298431
pitpnc1,0.6589422,0.3147439738212656,0.5401234567901234,0.2253794829688578
trp53i11,0.6587879,0.5577729640042401,0.5833333333333333,0.025560369329093113
tnfaip1,0.658355,0.23837396875144035,0.558641975308642,0.32026800655720167
islr,0.658208,0.9116006821219523,0.9074074074074074,-0.004193274714544892
pln,0.6581693,0.8902152371295571,0.9845679012345679,0.09435266410501086
s1pr3,0.65798444,0.8409457528690603,0.8981481481481481,0.05720239527908788
lypd1,0.6575916,0.7404249435405816,0.6481481481481481,-0.0922767953924335
ltbp4,0.65741765,0.6034013918974974,0.6203703703703703,0.01696897847287293
rnf152,0.65652114,0.7584919574134673,0.7438271604938271,-0.014664796919640177
fxyd1,0.6564264,0.476194865649629,0.5432098765432098,0.06701501089358086
ccdc141,0.6563711,0.9165783288012168,0.8919753086419753,-0.02460302015924154
2610001j05rik,0.65594435,0.058395169839148275,0.537037037037037,0.4786418671978887
syndig1,0.6556454,0.32778725169378253,0.5462962962962963,0.21850904460251375
cckbr,0.65506494,0.4508457390422639,0.5432098765432098,0.09236413750094596
anxa2,0.6544092,0.9156565423791307,0.9166666666666666,0.0010101242875358851
med10,0.6542743,0.08047195464810808,0.5308641975308642,0.45039224288275614
meis2,0.65423256,0.6602295248190995,0.5679012345679013,-0.09232829025119815
man1c1,0.6539455,0.5321473014702494,0.5925925925925926,0.0604452911223432
nxph3,0.6539247,0.7833801908097894,0.7654320987654322,-0.01794809204435721
cnn3,0.65364265,0.5275844586809236,0.5648148148148149,0.03723035613389125
ddr1,0.65358824,0.5771765681891505,0.6234567901234568,0.046280221934306254
fcgrt,0.6531082,0.95884223625386,0.8672839506172839,-0.09155828563657609
nek7,0.6529496,0.6553901461031479,0.6141975308641976,-0.04119261523895035
myl9,0.652191,0.9499469972807301,0.8611111111111112,-0.0888358861696189
trim59,0.6509376,0.7878047656358022,0.8117283950617284,0.023923629425926296
zfp36,0.6499589,0.9399456146010969,0.9691358024691358,0.02919018786803884
magi1,0.64935005,0.08738535281375304,0.5339506172839505,0.4465652644701975
lef1,0.649272,0.9739134442549662,0.9506172839506173,-0.02329616030434889
mctp1,0.6491212,0.3712033921740333,0.6049382716049383,0.23373487943090498
ak4,0.64903885,0.54362354242522,0.5864197530864197,0.04279621066119965
adap2,0.6489378,0.9849748813199981,0.9845679012345679,-0.0004069800854301642
npc1,0.6485386,0.12333502327510715,0.5401234567901234,0.41678843351501627
tmem145,0.6464545,0.22546895884223628,0.5802469135802469,0.35477795473801066
wfdc1,0.645924,0.9778771258699359,0.9135802469135803,-0.06429687895635561
col6a1,0.6446009,0.774715398442181,0.7716049382716049,-0.003110460170576035
polr2h,0.6440125,0.12024703876111908,0.5648148148148149,0.4445677760536958
limch1,0.6432757,0.220214776236346,0.5432098765432098,0.32299510030686385
matn2,0.64141285,0.6936903719408214,0.7253086419753086,0.03161827003448725
jam3,0.64098465,0.4943540581647232,0.6080246913580247,0.1136706331933015
tmem163,0.64034677,0.8015393833248836,0.7222222222222222,-0.0793171611026614
lhfp,0.64012367,0.5244503848458313,0.632716049382716,0.10826566453688469
crtac1,0.63944435,0.3090288980043324,0.5617283950617284,0.252699497057396
esam,0.639022,0.81725584182145,0.7901234567901234,-0.027132385031326534
cox6a2,0.6389655,0.7437433746600912,0.6975308641975309,-0.04621251046256036
csdc2,0.6384435,0.131907637000507,0.558641975308642,0.426734338308135
shisa9,0.63839334,0.36668663870581186,0.5709876543209876,0.20430101561517577
gm19410,0.63820237,0.7374752269899064,0.7222222222222222,-0.015253004767684208
anxa5,0.6367996,0.34949532193390787,0.5709876543209876,0.22149233238707977
flna,0.63627017,0.589989399456146,0.6574074074074074,0.0674180079512614
itgb1,0.63562554,0.2903166336359866,0.6018518518518519,0.3115352182158653
kcnn2,0.6355263,0.2442273125316864,0.5895061728395061,0.34527886030781973
dclk2,0.6350919,0.3589436327602894,0.6018518518518519,0.24290821909156246
cpne5,0.63481,0.45061529243674237,0.6080246913580247,0.15740939892128236
ets1,0.63448226,0.8877264137899249,0.9166666666666666,0.028940252876741734
crim1,0.6343192,0.5921095082269439,0.6111111111111112,0.0190016028841673
ldb2,0.63430566,0.40784440245195186,0.6049382716049383,0.19709386915298643
col5a1,0.6341319,0.7967921832511407,0.8148148148148149,0.01802263156367423
ankrd33b,0.6337089,0.46107756832741853,0.5895061728395061,0.1284286045120876
tiam1,0.6336626,0.16633635986541917,0.5864197530864197,0.4200833932210005
ece1,0.6331654,0.2676406876526709,0.5987654320987654,0.3311247444460945
slc7a10,0.6330802,0.9175922938655113,0.7962962962962963,-0.12129599756921505
il18,0.6317901,0.6566806470940683,0.6512345679012346,-0.005446079192833686
lamc1,0.63164854,0.7565101166059824,0.7654320987654322,0.008921982159449726
tac1,0.63155735,0.8497488131999815,0.7839506172839507,-0.06579819591603087
vwa1,0.63030475,0.6943356224362816,0.6975308641975309,0.003195241761249301
nbl1,0.63001204,0.5616905562981057,0.5802469135802469,0.018556357282141223
inafm1,0.62961817,0.17403327648983735,0.5740740740740741,0.4000407975842367
efemp1,0.62961185,0.9031202470387611,0.9259259259259259,0.022805678887164782
ifitm2,0.62938046,0.8200212010877079,0.7901234567901234,-0.029897744297584516
nyap2,0.6292023,0.29718394248052726,0.5925925925925926,0.2954086501120653
prelp,0.62899846,0.9725768539429415,0.8950617283950617,-0.07751512554787976
degs2,0.628248,0.8373968751440292,0.941358024691358,0.10396114954732882
cygb,0.6279163,0.2895331151772135,0.5709876543209876,0.28145453914377416
erbb4,0.62787175,0.5842282343181084,0.6234567901234568,0.03922855580534834
cntn4,0.6277018,0.26501359634972577,0.5925925925925926,0.3275789962428668
cplx3,0.62756974,0.7495967184403374,0.7006172839506173,-0.048979434489720086
abracl,0.62702984,0.3169101719131677,0.595679012345679,0.27876884043251127
magi3,0.62591475,0.2692999032124257,0.6080246913580247,0.33872478814559903
ciapin1,0.6254675,0.1553671014425958,0.5864197530864197,0.4310526516438239
utrn,0.6252427,0.33511545374936624,0.6018518518518519,0.2667363981024856
sorcs3,0.6251419,0.44107480296815227,0.6203703703703703,0.17929556740221808
ramp3,0.62453437,0.6510116605982394,0.6851851851851851,0.03417352458694567
jun,0.6244499,0.4786375996681569,0.617283950617284,0.13864635094912714
mapk11,0.6240985,0.38226482923906535,0.5925925925925926,0.2103277633535272
ctsh,0.6235602,0.9683827257224501,0.845679012345679,-0.1227037133767711
vip,0.6230463,0.5590173756740563,0.6234567901234568,0.06443941444940049
myh7,0.6227992,0.793151126883901,0.8148148148148149,0.02166368793091389
ifitm10,0.62255067,0.29017836567267363,0.5833333333333333,0.2931549676606596
slc9a3r2,0.62241966,0.32479144582200303,0.5987654320987654,0.2739739862767624
ache,0.62224853,0.19684749043646588,0.5895061728395061,0.39265868240304025
cacna1c,0.6214971,0.2796239111397889,0.6203703703703703,0.34074645923058144
ctsz,0.6213591,0.4454071991519565,0.5987654320987654,0.15335823294680895
tshz2,0.62111205,0.8544960132737245,0.8672839506172839,0.01278793734355943
cercam,0.6202213,0.8689680601004748,0.9598765432098766,0.0909084831094018
ap1s2,0.6193187,0.17320366870995996,0.5864197530864197,0.41321608437645974
kctd6,0.61822337,0.1632944646725354,0.595679012345679,0.4323845476731436
lpar1,0.61821467,0.8169793058948241,0.7438271604938271,-0.07315214540099702
gltp,0.6177771,0.7607042448264737,0.7407407407407407,-0.019963504085732997
dock6,0.6176377,0.8770797806148316,0.9228395061728395,0.04575972555800789
mgp,0.6174425,0.876065815550537,0.654320987654321,-0.22174482789621597
timp4,0.61694914,0.6638705811863391,0.6975308641975309,0.03366028301119173
fgf1,0.6165009,0.8050421717288104,0.7469135802469136,-0.05812859148189686
gpsm1,0.61616766,0.43181084942618797,0.632716049382716,0.200905199956528
palld,0.61569065,0.8591971240263631,0.9567901234567902,0.0975929994304271
syndig1l,0.6155325,0.8902613264506614,0.9783950617283951,0.08813373527773372
snhg4,0.6150106,0.34797437433746603,0.6265432098765432,0.2785688355390772
rell1,0.61311084,0.6830898280868323,0.7716049382716049,0.08851511018477265
junb,0.6122749,0.25362953403696364,0.6111111111111112,0.3574815770741475
jam2,0.6119105,0.7674793750288058,0.7067901234567902,-0.06068925157201566
lsr,0.6104798,0.8612711434760566,0.941358024691358,0.08008688121530139
rgs8,0.610293,0.5223763653961377,0.6512345679012346,0.12885820250509683
bmp3,0.61006945,0.6736415172604507,0.7376543209876543,0.06401280372720353
cartpt,0.6092447,0.8070240125362953,0.7160493827160495,-0.09097462982024584
tgfbr1,0.60922897,0.7483062174494169,0.7561728395061729,0.007866622056755923
sox9,0.60916555,0.7438355533022998,0.7314814814814814,-0.01235407182081838
srgn,0.6086308,0.9794902521085864,0.845679012345679,-0.13381123976290743
phlda1,0.60847753,0.24593261741254546,0.654320987654321,0.40838837024177554
myl12a,0.60819614,0.29368115407660045,0.6358024691358024,0.34212131505920196
hap1,0.6069764,0.43296308245379544,0.6512345679012346,0.21827148544743913
slc22a6,0.60676706,0.9911969396690786,0.9691358024691358,-0.02206113719994285
nxph1,0.60556793,0.6147393648891553,0.6635802469135803,0.04884088202442505
serpinh1,0.60538673,0.9599022906392589,0.8796296296296297,-0.08027266100962926
rab3il1,0.6049384,0.8518228326496751,0.9012345679012346,0.04941173525155951
zfp385a,0.6027275,0.2117804304742591,0.617283950617284,0.40550352014302493
ank1,0.6023286,0.5535327464626446,0.6820987654320987,0.12856601896945408
bc028528,0.60221577,0.8675392911462414,0.9104938271604939,0.042954536014252476
prss12,0.60197073,0.6492141770751717,0.7098765432098766,0.06066236613470488
esrrg,0.6014845,0.3837857768355072,0.6882716049382716,0.30448582810276437
cpne8,0.6001794,0.39558464303820806,0.6574074074074074,0.2618227643691994
npy1r,0.60004187,0.4796976540535558,0.6604938271604939,0.18079617310693807
apold1,0.59943324,0.8477208830713924,0.9382716049382716,0.09055072186687918
unc13b,0.5977191,0.4099184219016454,0.6234567901234568,0.21353836822181138
atp6ap1l,0.5970569,0.6654376181038854,0.691358024691358,0.025920406587472633
gm2694,0.5968594,0.7757754528275799,0.7746913580246914,-0.0010840948028885133
mylk,0.5967109,0.831543531363783,0.8950617283950617,0.0635181970312787
pbx3,0.59489876,0.8617320366870996,0.9166666666666666,0.054934629979566996
timm8a1,0.59472555,0.3185693874729225,0.6604938271604939,0.34192443968757136
grm1,0.5940079,0.5360648937641148,0.6604938271604939,0.12442893339637906
necab2,0.5934816,0.5921555975480481,0.7006172839506173,0.10846168640256915
ndnf,0.59306353,0.9051481771673503,0.9382716049382716,0.033123427770921254
cyba,0.5916805,0.9718394248052726,0.8425925925925926,-0.12924683221268007
lypd6,0.5914537,0.7513020233211964,0.7283950617283951,-0.022906961592801367
chrna4,0.5904526,0.3641517260450754,0.6481481481481481,0.28399642210307274
slc22a8,0.5899605,0.9809190210628197,0.8919753086419753,-0.08894371242084442
s100a11,0.58883464,0.9208646356639166,0.8858024691358025,-0.035062166528114114
cacna2d2,0.58849394,0.7071945430243812,0.7407407407407407,0.03354619771635947
arl4c,0.5881798,0.39807346637784025,0.6481481481481481,0.2500746817703079
il11ra1,0.58808297,0.5986541918237545,0.7098765432098766,0.11122235138612213
lrrtm4,0.58769166,0.25856109139512373,0.654320987654321,0.3957598962591973
gm13889,0.58734554,0.3526754850901046,0.654320987654321,0.3016455025642164
trpc3,0.5868011,0.64866110522192,0.7746913580246914,0.12603025280277136
plekha2,0.58635616,0.8169332165737199,0.8518518518518519,0.03491863527813199
kcnt2,0.5862905,0.2769046411946352,0.6296296296296297,0.35272498843499445
mustn1,0.5850272,0.8668018620085727,0.9382716049382716,0.07146974292969888
ankrd35,0.5833435,0.6389362584689128,0.7407407407407407,0.10180448227182792
icam2,0.5832992,0.9908282251002443,0.941358024691358,-0.04947020040888628
notch3,0.58278704,0.8219569525740886,0.9135802469135803,0.09162329433949168
pcdh20,0.5819527,0.7471539844218095,0.808641975308642,0.061487990886832544
tnnt1,0.58142966,0.8710420795501682,0.8827160493827161,0.01167396983254787
neurod1,0.5804966,0.7184864266949348,0.7808641975308642,0.062377770835929436
grin3a,0.5781939,0.6651149928561553,0.7407407407407407,0.07562574788458543
cpne7,0.57722104,0.5503986726275523,0.6728395061728395,0.12244083354528723
fat3,0.5738543,0.5030188505323316,0.6975308641975309,0.1945120136651992
maf,0.5737367,0.49914734755957046,0.6944444444444444,0.19529709688487396
mafb,0.5732289,0.6830898280868323,0.7160493827160495,0.03295955462921718
bex4,0.57242477,0.08489652947412085,0.6450617283950617,0.5601651989209409
arhgdib,0.57238585,0.8373507858229248,0.8641975308641976,0.026846745041272824
pax6,0.57033175,0.815412268977278,0.9259259259259259,0.1105136569486479
bcl6,0.56983364,0.6340507904318569,0.7777777777777778,0.14372698734592093
tns1,0.5685066,0.8320505138959303,0.8858024691358025,0.053751955239872196
arhgap29,0.5675396,0.786698621929299,0.8364197530864197,0.049721131157120735
nr3c2,0.5671403,0.3491726966861778,0.6944444444444444,0.34527174775826663
cntnap4,0.56636274,0.5887449877863299,0.7592592592592593,0.1705142714729294
rhoc,0.5658188,0.8380421256394893,0.8487654320987654,0.010723306459276105
1700001l19rik,0.5654168,0.44909434484030053,0.6851851851851851,0.2360908403448846
vcam1,0.5650481,0.9580587177950869,0.8425925925925926,-0.11546612520249433
sema5a,0.5650314,0.6717057657740702,0.7685185185185185,0.09681275274444834
srrm4,0.5642486,0.18417292713278333,0.6697530864197531,0.48558015928696974
fgf9,0.5635238,0.2523851223671475,0.6882716049382716,0.43588648257112406
slc5a5,0.56287175,0.5680508826104991,0.7191358024691358,0.1510849198586367
lypd6b,0.5619704,0.6573719869106328,0.7314814814814814,0.07410949457084859
amigo2,0.56139696,0.8268885099322487,0.8981481481481481,0.07125963821589942
zfp36l1,0.56067723,0.9432640457206065,0.7746913580246914,-0.16857268769591516
zfhx3,0.55959517,0.8477669723924967,0.9228395061728395,0.07507253378034284
gng4,0.55935633,0.2861685947365995,0.6759259259259259,0.38975733118932643
rab27b,0.55860394,0.20214776236346044,0.6944444444444444,0.492296682080984
slc7a11,0.5583278,0.6155689726690325,0.7932098765432098,0.1776409038741773
tenm3,0.55764246,0.4575747799234917,0.7160493827160495,0.25847460279255774
fxyd5,0.5575532,0.5709545098400701,0.7037037037037037,0.1327491938636336
pcca,0.5574249,0.3576070424482647,0.7067901234567902,0.34918308100852546
fam20a,0.5573378,0.7642531225515048,0.8765432098765432,0.11229008732503842
wtip,0.55628204,0.8035673134534729,0.904320987654321,0.10075367420084813
lurap1l,0.5559611,0.22367147531916853,0.6944444444444444,0.4707729691252759
tox,0.5551929,0.5348665714154031,0.75,0.21513342858459694
kcnk3,0.55512446,0.4235608609485182,0.7037037037037037,0.28014284275518553
btg1,0.5542289,0.08876803244688203,0.6851851851851851,0.5964171527383031
prss23,0.55419195,0.6909250126745633,0.7623456790123457,0.07142066633778243
rras,0.55393666,0.7559109554316265,0.8055555555555556,0.04964460012392913
tnfsf12,0.5515517,0.8527907083928654,0.9382716049382716,0.08548089654540614
zcchc12,0.55095863,0.44466977001428765,0.7037037037037037,0.2590339336894161
p4ha1,0.5494576,0.21141171590542474,0.6851851851851851,0.4737734692797604
tmem91,0.5493423,0.3883486196248329,0.7283950617283951,0.34004644210356216
cers6,0.5476463,0.19693966907867444,0.6975308641975309,0.5005911951188564
tpm2,0.5467654,0.8327879430335992,0.904320987654321,0.07153304462072185
ptprm,0.54665023,0.5662533990874314,0.7253086419753086,0.1590552428878772
ifngr1,0.5466385,0.707471078951007,0.8333333333333334,0.12586225438232634
calb2,0.54617876,0.8162418767571553,0.8734567901234568,0.05721491336630147
klf10,0.5461299,0.49426187952251466,0.7160493827160495,0.2217875031935348
myo16,0.5452161,0.6505507673871964,0.8179012345679012,0.1673504671807048
rbp4,0.5446385,0.3906069963589436,0.7314814814814814,0.3408744851225378
asic1,0.54360574,0.36622574549476883,0.7222222222222222,0.3559964767274534
arhgap25,0.5423011,0.8004332396183804,0.8734567901234568,0.07302355050507636
adra1b,0.5422246,0.48121860164999775,0.7314814814814814,0.25026287983148365
ramp2,0.5420572,0.6129418813660874,0.7191358024691358,0.10619392110304837
isyna1,0.5414726,0.3986726275521961,0.7191358024691358,0.32046317491693965
adcyap1,0.5414197,0.7312070793197216,0.7993827160493827,0.0681756367296611
sall1,0.54130423,0.8613633221182652,0.8827160493827161,0.02135272726445092
ly6c2,0.5406738,0.9917500115223302,0.9753086419753086,-0.016441369547021578
hspb1,0.5403221,0.9644190441074803,0.9351851851851852,-0.02923385892229502
btbd11,0.5397862,0.6229432640457206,0.7469135802469136,0.12397031620119292
eogt,0.5375163,0.6734110706549292,0.8024691358024691,0.12905806514753992
st3gal6,0.5370729,0.684288150435544,0.7777777777777778,0.09348962734223376
slit1,0.5345344,0.5264783149744204,0.7345679012345678,0.2080895862601474
cald1,0.53396297,0.799603631838503,0.8487654320987654,0.0491618002602624
ankrd29,0.5329419,0.38138913213808356,0.7407407407407407,0.35935160860265714
dock10,0.5327116,0.7137392266211919,0.8271604938271605,0.11342126720596857
plat,0.5319851,0.5621514495091487,0.7592592592592593,0.19710780975011055
cbln4,0.53155667,0.7413006406415634,0.8240740740740741,0.08277343343251065
dcx,0.5308611,0.39558464303820806,0.7469135802469136,0.3513289372087055
sgms1,0.5293547,0.3101350417108356,0.7222222222222222,0.4120871805113866
cdh9,0.526867,0.6057058579527124,0.8209876543209876,0.21528179636827527
nog,0.52668804,0.671844033737383,0.8055555555555556,0.13371152181817259
cdh12,0.5256049,0.34170622666728123,0.7623456790123457,0.4206394523450645
shisa8,0.52559835,0.8933954002857538,0.9506172839506173,0.05722188366486347
alox5ap,0.5247538,0.7904779462598516,0.8919753086419753,0.1014973623821237
kank3,0.5244931,0.6483845692952943,0.8302469135802469,0.18186234428495263
thsd7b,0.52441454,0.812186016499977,0.9506172839506173,0.13843126745064027
chst8,0.52440345,0.7958703968290547,0.8364197530864197,0.040549356257365
glra2,0.5241014,0.6580633267271974,0.8425925925925926,0.1845292658653952
kctd4,0.52320546,0.6022491588698898,0.7407407407407407,0.13849158187085087
kit,0.5227189,0.6761303406000829,0.7716049382716049,0.095474597671522
kcnip1,0.52223146,0.5115453749366272,0.7407407407407407,0.22919536580411348
pip5k1b,0.522069,0.5792505876388441,0.7962962962962963,0.2170457086574522
kcnk4,0.5198111,0.526432225653316,0.7685185185185185,0.24208629286520245
cd68,0.51978755,0.814951375766235,0.9166666666666666,0.10171529090043163
kctd8,0.51825583,0.7791860625892981,0.8364197530864197,0.05723369049712157
tmem159,0.51650244,0.5862561644466977,0.7962962962962963,0.21004013184959858
sla2,0.5162255,0.6745633036825367,0.9567901234567902,0.28222681977425346
cmbl,0.5155788,0.8039360280223072,0.8765432098765432,0.07260718185423598
cgref1,0.5153541,0.3777019864497396,0.7438271604938271,0.3661251740440875
cacng5,0.5140361,0.8243535972715121,0.941358024691358,0.11700442741984585
sema3c,0.5127472,0.6806010047472001,0.7932098765432098,0.11260887179600976
isoc1,0.51193506,0.6700465502143154,0.8240740740740741,0.1540275238597587
slc35g2,0.5112347,0.22602203069548787,0.7438271604938271,0.5178051297983393
phyhd1,0.510509,0.6579711480849887,0.8148148148148149,0.1568436667298262
hapln1,0.5061746,0.773793612020095,0.8364197530864197,0.06262614106632469
galnt14,0.50491774,0.4519518827487671,0.7654320987654322,0.3134802160166651
arhgap31,0.5047249,0.7084389546941974,0.8364197530864197,0.12798079839222232
pld5,0.5045954,0.7806148315435314,0.9135802469135803,0.1329654153700489
abcg2,0.50431764,0.6087938424667005,0.7993827160493827,0.19058887358268217
stxbp2,0.50413924,0.41747707056275063,0.7654320987654322,0.34795502820268154
g0s2,0.50402033,0.6541918237544361,0.8302469135802469,0.17605508982581086
tpm4,0.5037805,0.4898373046965018,0.7777777777777778,0.287940473081276
rasgrp2,0.5034868,0.5499838687376135,0.787037037037037,0.23705316829942347
slc19a1,0.50307435,0.6036318385030188,0.8209876543209876,0.2173558158179688
fam210b,0.5014927,0.5406738258745449,0.7993827160493827,0.2587088901748378
nr2f2,0.50121415,0.7077476148776329,0.8179012345679012,0.11015361969026827
arl15,0.50092655,0.22689772779646955,0.7469135802469136,0.520015852450444
tm6sf1,0.49956954,0.4475733972438586,0.7654320987654322,0.3178587015215736
twsg1,0.49940065,0.41959717933354845,0.7777777777777778,0.35818059844422934
dok5,0.4990942,0.27487671106604594,0.7592592592592593,0.48438254819321336
nt5dc2,0.4989529,0.8388256440982624,0.9382716049382716,0.09944596084000912
arx,0.4986093,0.6035396598608103,0.787037037037037,0.18349737717622672
acta2,0.4951583,0.7363690832834032,0.9506172839506173,0.21424820066721406
nfkbia,0.49322483,0.34898833940176066,0.7561728395061729,0.4071845001044122
lmo2,0.49290857,0.6652993501405724,0.8333333333333334,0.16803398319276097
masp1,0.49183127,0.6947965156473246,0.8580246913580247,0.16322817571070014
ifit2,0.4917093,0.7393187998340784,0.8827160493827161,0.14339724954863764
crispld1,0.4900471,0.8367977139696732,0.962962962962963,0.12616524899328985
1700019d03rik,0.48910406,0.3188920127206526,0.7808641975308642,0.46197218481021163
mapk4,0.4874046,0.38332488362446426,0.7746913580246914,0.3913664744002271
ptpro,0.48700333,0.6007743005945523,0.8117283950617284,0.21095409446717617
pafah1b3,0.48687348,0.20486703230861414,0.7654320987654322,0.560565066456818
sp8,0.48667496,0.8758353689450155,0.9814814814814815,0.10564611253646605
vwc2l,0.48660934,0.802507259068074,0.9320987654320988,0.12959150636402483
hdac9,0.48576042,0.3020233211964788,0.7839506172839507,0.48192729608747187
rpp25,0.48551264,0.40047011107526387,0.7746913580246914,0.3742212469494275
runx1t1,0.48508167,0.20403742452873674,0.7746913580246914,0.5706539334959546
fam184a,0.48483858,0.4323178319583353,0.7839506172839507,0.35163278532561537
nat8,0.48290828,0.9739595335760705,0.9660493827160493,-0.007910150860021115
zfp536,0.48166567,0.613172327971609,0.7685185185185185,0.15534619054690946
kctd16,0.4805701,0.4429644651334286,0.8240740740740741,0.3811096089406455
cep112,0.4802224,0.7516246485689266,0.941358024691358,0.18973337612243135
bend5,0.47966042,0.46946582476840115,0.808641975308642,0.33917615054024086
htr3a,0.47887275,0.8444485412729871,0.9444444444444444,0.09999590317145735
rsu1,0.47855383,0.36889892611881825,0.7777777777777778,0.40887885165895954
tcerg1l,0.47754186,0.7179794441627875,0.8981481481481481,0.18016870398536067
sox6,0.47534695,0.7585380467345716,0.8179012345679012,0.05936318783332961
slc44a5,0.4730797,0.7512559340000922,0.9166666666666666,0.16541073266657447
grm3,0.4727698,0.4093192607272895,0.7777777777777778,0.36845851705048827
lhx6,0.46807817,0.776558971286353,0.8518518518518519,0.07529288056549888
camk4,0.4673557,0.22095220537401483,0.787037037037037,0.5660848316630221
igsf11,0.46715426,0.7105590634649952,0.8796296296296297,0.16907056616463445
nrip2,0.4660173,0.5082730331382219,0.8425925925925926,0.33431955945437064
gm17750,0.4643326,0.7223118403465917,0.8641975308641976,0.1418856905176059
grip1,0.46382323,0.31386827672028395,0.8024691358024691,0.4886008590821852
pcsk5,0.46294177,0.7241554131907637,0.9012345679012346,0.17707915471047087
ackr3,0.45972496,0.7603355302576393,0.9135802469135803,0.15324471665594097
nupr1,0.45903978,0.7496888970825459,0.8672839506172839,0.11759505353473798
sox2ot,0.45883217,0.6205927086694013,0.808641975308642,0.1880492666392407
elfn1,0.45874435,0.7312070793197216,0.8549382716049383,0.12373119228521667
nipsnap3b,0.4579112,0.32967691385905884,0.8024691358024691,0.4727922219434103
tuba1c,0.45707196,0.6102687007420381,0.9907407407407407,0.3804720399987026
galntl6,0.4562502,0.42452873669170854,0.8179012345679012,0.39337249787619266
sept5,0.4530984,0.06097617182098902,0.7777777777777778,0.7168016059567888
tnfaip8l3,0.4530673,0.8368898926118818,0.9351851851851852,0.09829529257330338
egln3,0.4498245,0.7955938609024289,0.9537037037037037,0.15810984280127482
mmp16,0.44548556,0.3178780476563581,0.8209876543209876,0.5031096066646296
flt3,0.44528195,0.6680186200857261,0.904320987654321,0.2363023675685949
drd1,0.44109985,0.7084389546941974,0.9104938271604939,0.2020548724662965
gpr12,0.43916005,0.399870949900908,0.8302469135802469,0.43037596367933895
grik1,0.43723777,0.5686039544637507,0.8395061728395061,0.27090221837575545
dleu7,0.43649882,0.3957229110015209,0.8333333333333334,0.43761042233181247
tgfb1i1,0.43539706,0.5702631700235056,0.8487654320987654,0.27850226207525985
lin7a,0.43409097,0.23694519979720696,0.8148148148148149,0.5778696150176079
tmem132c,0.4310542,0.8297460478407153,0.9351851851851852,0.10543913734446997
klf5,0.42775884,0.5105314098723326,0.8487654320987654,0.33823402222643284
nos1ap,0.427403,0.20288519150112916,0.8240740740740741,0.6211888825729449
npas1,0.4262819,0.748628842697147,0.9104938271604939,0.16186498446334685
scube1,0.42528462,0.5798036594920957,0.8364197530864197,0.256616093594324
qpct,0.42082706,0.43595888832557494,0.8549382716049383,0.41897938327936335
rwdd3,0.41961327,0.6717518550951744,0.9166666666666666,0.2449148115714922
fstl5,0.41879347,0.5323316587546665,0.8734567901234568,0.3411251313687903
asic4,0.4157361,0.8017237406093009,0.9320987654320988,0.13037502482279795
stard5,0.41545266,0.7232336267686776,0.9351851851851852,0.2119515584165076
celf6,0.4150695,0.3412453334562382,0.8487654320987654,0.5075200986425272
klhl13,0.41502076,0.603032677328663,0.8641975308641976,0.26116485353553465
c730002l08rik,0.4128854,0.6225284601557819,0.8796296296296297,0.25710116947384776
kcns3,0.40987465,0.7245241277595982,0.8796296296296297,0.15510550187003147
cp,0.40877336,0.8816887127252615,0.9660493827160493,0.08436066999078784
slc26a4,0.4072719,0.8056413329031663,0.9598765432098766,0.15423521030671028
bc030500,0.40645865,0.44766557588606715,0.8672839506172839,0.41961837473121677
dennd2a,0.40550178,0.5237590450292667,0.8888888888888888,0.3651298438596221
btg2,0.40235177,0.6688021385444992,0.9197530864197531,0.25095094787525385
gpr176,0.40116197,0.6805549154260957,0.9104938271604939,0.22993891173439818
crh,0.40089515,0.7477531455961653,0.9104938271604939,0.16274068156432853
adarb2,0.3954968,0.7359542793934646,0.8919753086419753,0.1560210292485107
gadd45a,0.3944431,0.5336682490666913,0.9012345679012346,0.36756631883454327
rnpc3,0.39439306,0.06341890583951704,0.8395061728395061,0.7760872669999891
rgs16,0.3939076,0.7380743881642624,0.9259259259259259,0.18785153776166352
sp9,0.39260203,0.7781720975250035,0.9444444444444444,0.16627234691944093
dlx1,0.39061853,0.5771304788680462,0.8641975308641976,0.28706705199615135
fstl4,0.38982797,0.3987648061944048,0.8734567901234568,0.474691983929052
mgat4c,0.38741824,0.47278425588791073,0.8703703703703703,0.3975861144824596
afap1,0.38525742,0.5501682260220306,0.8796296296296297,0.329461403607599
pnoc,0.38374862,0.732174955062912,0.9228395061728395,0.19066455110992753
nrp1,0.38008636,0.5818315896206849,0.9166666666666666,0.3348350770459817
gm14204,0.37490755,0.6093008249988477,0.8950617283950617,0.28576090339621396
csmd3,0.37450567,0.22938655113610174,0.8611111111111112,0.6317245599750094
a530058n18rik,0.3735659,0.5829838226482924,0.8981481481481481,0.31516432549985574
npas3,0.37293875,0.6139097571092778,0.8796296296296297,0.2657198725203519
map3k1,0.36760566,0.6838733465456054,0.9598765432098766,0.2760031966642712
coro1b,0.36582607,0.1479928100659077,0.8703703703703703,0.7223775603044627
cpne2,0.36458087,0.7332350094483109,0.9290123456790124,0.19577733623070148
pthlh,0.3618843,0.7896944278010785,0.9537037037037037,0.16400927590262526
rnaset2a,0.36107618,0.5078582292482832,0.9074074074074074,0.3995491781591243
rbms3,0.35983264,0.3712033921740333,0.8734567901234568,0.5022533979494235
rragb,0.35929814,0.07991888279485648,0.8672839506172839,0.7873650678224274
rnaset2b,0.34840602,0.49232612803613407,0.904320987654321,0.41199485961818694
dlx6os1,0.3436591,0.5828455546849796,0.9074074074074074,0.3245618527224279
eno1b,0.34348118,0.022491588698898446,0.8858024691358025,0.8633108804369041
prox1,0.34202752,0.7839793519841453,0.9197530864197531,0.1357737344356078
b230216n24rik,0.3364014,0.401253629534037,0.9197530864197531,0.5184994568857161
dgkg,0.33199608,0.2123335023275107,0.9012345679012346,0.6889010655737239
cdh18,0.33118102,0.6141402037147993,0.9660493827160493,0.35190917900125007
igsf3,0.32200804,0.44227312531686414,0.9259259259259259,0.4836528006090618
ngf,0.32128474,0.7695533944784994,0.9567901234567902,0.1872367289782908
slit3,0.3187506,0.4845831220906116,0.9197530864197531,0.43516996432914146
krt1,0.2999857,0.573858137069641,0.9351851851851852,0.3613270481155443
igf1,0.29720402,0.5931695626123428,0.9382716049382716,0.3451020423259288
pde11a,0.29239064,0.8643591279900447,0.9938271604938271,0.12946803250378247
kcnmb2,0.29130426,0.6412868138452321,0.9567901234567902,0.31550330961155804
pter,0.28816193,0.6207309766327143,0.9444444444444444,0.32371346781173016
g630016g05rik,0.28373134,0.7741623265889294,0.9969135802469136,0.2227512536579842
gm5087,0.27769652,0.8091902106281974,0.9938271604938271,0.18463694986562973
adra1a,0.26819274,0.6299949301746786,0.9753086419753086,0.3453137118006301
gm13629,0.2608365,0.6573719869106328,0.9814814814814815,0.3241094945708487
dlx2,0.2500767,0.6652071714983638,0.9567901234567902,0.2915829519584263
zbtb16,0.21510425,0.140664608010324,0.9567901234567902,0.8161255154464662
dlx5,0.21316445,0.5945061529243674,0.962962962962963,0.36845681003859565
trim17,0.2034899,0.06964096418859755,0.9598765432098766,0.890235579021279
trpc5,0.19794108,0.5692031156381067,0.9814814814814815,0.41227836584337485
gabrb2,0.19536059,0.07895100705166613,0.9567901234567902,0.877839116405124
cdyl2,0.17673047,0.42591141632483753,0.9814814814814815,0.555570065156644
cntnap5c,0.16405548,0.6082407706134489,0.9938271604938271,0.3855863898803782
dlx1as,0.14015178,0.5877771120431396,0.9907407407407407,0.40296362869760105
kcnh6,0.13971944,0.3791307554039729,0.9969135802469136,0.6177828248429407
